,casualtag,cflag,eflag,eventtag,filename,sentence,uploadTime,username
0,1,1,0,0,TEST,不过，这次新三板市场的改革解决了这个问题，因为其中的措施之—，就是优化发行融资制度，允许符合条件的创新层企业向不特定的合格投资者公开发行股票。,2019-12-10 22:24:10.019,radish
1,1,1,0,0,TEST,既然精选层公司从创新层中选拔，而创新层公司又可以公开发行股票，因此精选层挂牌公司的股权结构问题当不难解决。,2019-12-10 22:24:10.019,radish
2,1,1,0,0,TEST,既然直接转板有“符合交易所上市条件和相关规定”，那么，精选层挂牌公司就从这方面严格把关，为下一步这些公司的直接转板上市扫清障碍。,2019-12-10 22:24:10.019,radish
3,1,1,0,0,TEST,因此，在精选层公司可以直接转板上市的背景下，精选层的投资者门槛也有必要大幅降低，甚至直接对接。,2019-12-10 22:24:10.019,radish
4,1,1,0,0,TEST,毕竟新三板已经在创新层这一层面允许符合条件的企业向不特定合格投资者公开发行股票，既然已经公开发行股票，因此基于方便投资者交易的需要，也有必要在交易方式上与A股市场对接，在精选层实行连续竞价交易。,2019-12-10 22:24:10.019,radish
5,1,1,0,0,TEST,然而，随着近年来IPO发行常态化的出现，却呈现出几个明显的市场表现。,2019-12-10 22:24:10.019,radish
6,1,1,0,0,TEST,从某种程度思考，正因为新股本身具有持续赚钱能力，那么也自然容易受到市场资金的参与。,2019-12-10 22:24:10.019,radish
7,1,1,0,0,TEST,不过，对于新股上市首日开板的现象，确实有所出乎市场预期，而这一现象会否得到延续，或是否由此改变A股市场的游戏规则，那么仍需要得到时间验证。,2019-12-10 22:24:10.019,radish
8,1,1,0,0,TEST,或许，在未来市场逐渐走向注册制的趋势下，未来A股新股的首日表现可能会存在港股化的趋势，即新股上市后的价格表现，则从很大程度上取决于市场。,2019-12-10 22:24:10.019,radish
9,1,1,0,0,TEST,假如A股新股表现呈现出港股化的趋势，那么将会从一定程度上改变现有资金的打新计划，而在新股上市首日开板乃至破发的背景下，资金采取市值配售策略的积极性也会有所下降，届时将会更考验投资者的打新申购智慧，但也是市场化趋于成熟的表现。,2019-12-10 22:24:10.019,radish
10,1,1,0,0,TEST,或许，渝农商行开启了A股新股上市首日开板的时代，但从估值定价、市值规模及所属行业等因素分析，渝农商行上市首日开板暂时还是个例，而按照当前A股市场的资金面环境，A股新股首日开板现象未必具有普遍性，但随着新股的不断扩容，且明显超出了市场存量资金的承受能力，那么未来A股市场还是会接连出现上市首日开板乃至上市首日破发的现象。,2019-12-10 22:24:10.019,radish
11,1,1,0,0,TEST,之所以认为“压低长期利率应当成为中国央行货币政策调节重要而长期的目标”，核心理念就是“金融长期化、资本化、股权化关系到金融服务实体经济的有效性”。,2019-12-10 22:24:10.019,radish
12,1,1,0,0,TEST,周莉萍论述了基础货币量化宽松、尤其是释放长期基础货币与压低长期利率之间的关系，但如果我们确信这是“金融长期化、资本化、股权化”的过程，那美国“基于长期基础货币投放的量化宽松货币政策”就谈不上失败，而且相当成功，因为美国股市连续上涨10年，它使得“企业来自长期的股权融资占比上升100%，而最不稳定的短期货币融资降低50%”，这是美联储前主席耶伦告诉全世界的基本事实。,2019-12-10 22:24:10.019,radish
13,1,1,0,0,TEST,正因如此，我们希望再次重申，金融长期化、资本化、股权化的关键在于中央银行如何理解基础货币，如何操作基础货币。,2019-12-10 22:24:10.019,radish
14,1,1,0,0,TEST,改革开放初期，中国经济之所以高速增长，其中一个重要原因是中国老百姓沿袭着祖祖辈辈传下来的“艰苦朴素作风”。,2019-12-10 22:24:10.019,radish
15,1,1,0,0,TEST,这种作风或生活习惯，使得老百姓大量生活结余变成银行储蓄，近而为经济发展提供了重要的资本来源，这同样体现着中国的“人口优势和人口红利”。,2019-12-10 22:24:10.019,radish
16,1,1,0,0,TEST,还有，近年来中国“新增储蓄金额低于新增个人贷款金额”已经成为常态，这说明老百姓的贷款已经开始消耗其储蓄存量，已经不能有效支撑企业贷款的合理增长。,2019-12-10 22:24:10.019,radish
17,1,1,0,0,TEST,比如，钱紧就不可能有长期的投资的储蓄，从而导致专司货币套利、流动性要求极高的货币基金成为金融商品的主角，5年扩张20倍，这难道不是中国金融短期化、货币化、套利化的重要表象吗？,2019-12-10 22:24:10.019,radish
18,1,1,0,0,TEST,我们说，资本市场就是“储蓄转化为投资的场所”，如果没有稳定而长期的储蓄，那资本市场的功能还有意义吗？,2019-12-10 22:24:10.019,radish
19,1,1,0,0,TEST,我们当然知道经济发展需要消费，有了更多的消费，生产才会良性运转。,2019-12-10 22:24:10.019,radish
20,1,1,0,0,TEST,杭州趣链的董事长陈纯就是这次在重要会议上，做区块链报告的专家，所以是纯正的区块链龙头、目前己经连续二个涨停板，但回顾往期爆火的热点题材，往往在第一波上涨之后就开始分化，区块链板块也将开展“淘汰”行情，所以单纯“蹭热点”不好的公司建议避开。,2019-12-10 22:24:10.019,radish
21,1,1,0,0,TEST,所以重点关注之前我多次预测的重要的变盘时间窗口及量能变化。,2019-12-10 22:24:10.019,radish
22,1,1,0,0,TEST,我们现在也在进入到金融大开放的过程，所以这是我们制度红利过程能带来的巨大机遇。,2019-12-10 22:24:10.019,radish
23,1,1,0,0,TEST,但是随着市场的不断扩容，A股出现全市场齐涨共跌的全面大牛市难度极大，取而代之的是个股分化的结构性行情，对投资者的考验越来越大。,2019-12-10 22:24:10.019,radish
24,1,1,0,0,TEST,目前外资加人A股的资金越来越多、如何找到优质的公司才是投资者今后盈利的重要保障。,2019-12-10 22:24:10.019,radish
25,1,1,0,0,TEST,积极拥抱新技术是在未来全球科技产业中占得先机的先决条件，当前全球金融格局面临潜在的演变、自主创新需求迫切，以及在“科技立国”背景下，国家对科技领域的支持力度将空前巨大，我们七月份重点看好的PCB龙头公司等一批牛股涨幅很大都在高位宽幅震荡调整的过程中。,2019-12-10 22:24:10.019,radish
26,1,1,0,0,TEST,我多次强调A股的大牛股不能只有茅台、也不应该只有长春高新、在中国经济转型大力发展高科技的今天、中国应该有科技的茅台才是合理的、有业绩支撑的科技股明显的成为市场核心领涨方向、已经得到了市场的验证。,2019-12-10 22:24:10.019,radish
27,1,1,0,0,TEST,由于每周上午得去电视台一二次、来不及发博文、大家可以收藏波段手陈志平的公众号及时观看行情预测等。,2019-12-10 22:24:10.019,radish
28,1,1,0,0,TEST,依旧建议投资者重点关注5G应用层面未来巨大的投资机会，随着5G建设的大规模铺开，以华为为首的企业也开始陆续发布基于5G的各类应用，在未来很长的一段时间内这都将是市场中最具想象空间，最具爆发力的一条主线。,2019-12-10 22:24:10.019,radish
29,1,1,0,0,TEST,不过，入门价只要128元的5G套餐，实际用起来更贵，因为5G网络的流量消耗更快了。,2019-12-10 22:24:10.019,radish
30,1,1,0,0,TEST,由此来看，每月只有30G流量的128元5G套餐根本不够用。,2019-12-10 22:24:10.019,radish
31,1,1,0,0,TEST,由于现在三大运营商取消了不限流量套餐，流量超出套餐后需要额外付费。,2019-12-10 22:24:10.019,radish
32,1,1,0,0,TEST,粗略算一下，升级到5G网络后，用户每月的流量消耗至少在20G以上，128元的5G套餐只能说是勉强够用。,2019-12-10 22:24:10.019,radish
33,1,1,0,0,TEST,由于5G网络的流量消耗更快，看似便宜的5G套餐用起来其实更贵。,2019-12-10 22:24:10.019,radish
34,1,1,0,0,TEST,北汽的发展，也带动了株洲经济迈上新的台阶。,2019-12-10 22:24:10.019,radish
35,1,1,0,0,TEST,10年间，株洲汽车产业的快速腾飞，北汽也逐渐成长为引领行业发展的领头雁，有时代的选择、机遇的垂青，不过更多的是开创的精神、事业的坚定。,2019-12-10 22:24:10.019,radish
36,1,1,0,0,TEST,在共同努力之下，最终双方都获得了理想的回报。,2019-12-10 22:24:10.019,radish
37,1,1,0,0,TEST,2001年12月13日，湖南省政府中共湖南省委印发《中共湖南省委、湖南省人民政府关于大力推进工业化进程的决定》（以下简称《决定》），吹响全力推进全省工业化进程的号角。,2019-12-10 22:24:10.019,radish
38,1,1,0,0,TEST,为落地《决定》各项细则，2008年初，株洲正式启动“5115”工程，计划在五年内培育出五个以上年主营业务收入过一百亿元、十个以上年主营业务收入过五十亿元的具有较强核心竞争力的新型工业化“旗舰企业”。,2019-12-10 22:24:10.019,radish
39,1,1,0,0,TEST,在区域产业发展中，株洲为汽车产业亮起了绿灯，也为该领域企业创造了更多便利的条件，迅速激发车企的活力。,2019-12-10 22:24:10.019,radish
40,1,1,0,0,TEST,回忆起这段经历，北京汽车焊装车间主任乔林记忆犹新：员工走进厂区后，必须趟过无数水坑，才能走进办公室；,2019-12-10 22:24:10.019,radish
41,1,1,0,0,TEST,北京汽车的快速发展，也助推株洲经济驶入快车道。,2019-12-10 22:24:10.019,radish
42,1,1,0,0,TEST,彼时，全球车企将中国市场视为必争之地时，精准捕捉用户需求，同时以最快速度实现量产，才能立足中国市场。,2019-12-10 22:24:10.019,radish
43,1,1,0,0,TEST,通过规章管理，株洲分公司一工厂一、二期项目各项业务快速步入正轨，形成能够保障企业高效率运营和高效益产出的管理体系。,2019-12-10 22:24:10.019,radish
44,1,1,0,0,TEST,优越的管理制度能够帮助企业快速成长，不过这只是企业稳固行业地位的基础，如何更好地结合先进的生产技术，打造现代化的生产基地，决定着企业能否在市场竞争中掌握主动权，汽车制造业更是如此。,2019-12-10 22:24:10.019,radish
45,1,1,0,0,TEST,很多观点认为，这是汽车业的寒冬，市场优胜劣汰的形势将日趋紧迫，已经有部分企业开始掉队。,2019-12-10 22:24:10.019,radish
46,1,1,0,0,TEST,这些“偏执”，最终换来了用户的安心。,2019-12-10 22:24:10.019,radish
47,1,1,0,0,TEST,“随着人工智能技术的不断渗透，作为工业制造的明珠，汽车行业也将率先在生产制造领域产生智能化的变革。”,2019-12-10 22:24:10.019,radish
48,1,1,0,0,TEST,新品牌从用户需求出发，整合北汽新能源和北京汽车产品与技术资源，以新能源、新技术为核心，推进智能驾驶与智能网联的深度赋能。,2019-12-10 22:24:10.019,radish
49,1,1,0,0,TEST,北汽的发展，也带动了株洲经济迈上新的台阶。,2019-12-10 22:24:10.019,radish
50,1,1,0,0,TEST,中国的经济规模总量这样大，中国银行业的资产规模如此之大（277万亿元），在6大国内银行占全国银行体系绝对比重的情况下，中国国有大型银行成为最为赚钱的公司就水到渠成了。,2019-12-10 22:24:10.019,radish
51,1,1,0,0,TEST,十几年来国内房地产市场价格只涨不跌，从而就没有出现周期性的调整。,2019-12-10 22:24:10.019,radish
52,1,1,0,0,TEST,在房价只涨不跌的情况下，国内商业银行只要把贷款贷出去就是利润。,2019-12-10 22:24:10.019,radish
53,1,1,0,0,TEST,如果以9月份人民币贷款余额150万亿元，以工商银行的年利率水平来计算，国内商业银行2019年的利润就可达到3.4万亿元。,2019-12-10 22:24:10.019,radish
54,1,1,0,0,TEST,这也是为何国内房地产市场调控把“三稳”（稳房价、稳预期、稳地价）作为调控目标所在，就是要稳定房价。,2019-12-10 22:24:10.019,radish
55,1,1,0,0,TEST,有人说，中国政府就是有能力打破市场铁律或法则（市场价格有涨有跌），让中国房地产市场价格一直涨下去，涨到天外去。,2019-12-10 22:24:10.019,radish
56,1,1,0,0,TEST,比如，国有大型银行成为全球最为赚的公司，这就意味着中国金融市场不发达，非市场化程度高，让低效率的国有大型主导市场融资并以此谋取巨大利润。,2019-12-10 22:24:10.019,radish
57,1,1,0,0,TEST,国有大型银行通过特殊的制度安排所获得的利润越高，或越是赚钱多的公司，那么国内企业及居民所要承担的成本则会越高。,2019-12-10 22:24:10.019,radish
58,1,1,0,0,TEST,还有，当商业银行为了获得短期利益而对市场过度信用扩张时，这其实是在损害整个社会的长期利益或整体利益。,2019-12-10 22:24:10.019,radish
59,1,1,0,0,TEST,因为，银行体系过度的信用扩张，让金融市场的流动性泛滥，让泛滥的流动性在金融体系内循环，必然会推高各种资产价格。,2019-12-10 22:24:10.019,radish
60,1,1,0,0,TEST,在这种情况下，如果股市泡沫或房地产泡沫破灭引发金融危机当然是要让整个社会来承担商业银行信用过度扩张的成本。,2019-12-10 22:24:10.019,radish
61,1,1,0,0,TEST,所以，国有大型银行成为全球最为赚钱的公司已经向市场发出明确的信号，整个社会将要承担其成本。,2019-12-10 22:24:10.019,radish
62,1,1,0,0,TEST,所以，上述问题概括到一点，就是当前国内金融市场，在于制度体制严重缺陷让无效率的国有大型银行成为全球最为赚钱的公司，整个社会正在及将来要承担巨大的成本。,2019-12-10 22:24:10.019,radish
63,1,1,0,0,TEST,2、不可篡改性：一旦进入区块链，任何信息都无法更改，甚至管理员也无法修改此信息。,2019-12-10 22:24:10.019,radish
64,1,1,0,0,TEST,一个东西一旦出现就再也没法改变，这种属性对于人类目前所处的可以更改、瞬息万变的网上世界而言意义重大。,2019-12-10 22:24:10.019,radish
65,1,1,0,0,TEST,4、无第三方：因为区块链的去中心化，它可以帮助点对点交易，因此，无论您是在交易还是交换资金，都无需第三方的批准。,2019-12-10 22:24:10.019,radish
66,1,1,0,0,TEST,1、数字身份很多人开各种证明时会遇到“证明我妈是我妈”的窘境，有了区块链，就再也不用担心了。,2019-12-10 22:24:10.019,radish
67,1,1,0,0,TEST,一旦跨国，合同和证书可能就失效了，因为缺少全球性的中心节点。,2019-12-10 22:24:10.019,radish
68,1,1,0,0,TEST,2、卫生保健简单说就是利用区块链建立有时间戳的通用记录存储库，进而达到不同数据库都可提取数据信息的目的。,2019-12-10 22:24:10.019,radish
69,1,1,0,0,TEST,而区块链的应用正是除去中间商，并为服务提供商和客户创建安全、分散的方式，以达到直接进行连接和交易的目的。,2019-12-10 22:24:10.019,radish
70,1,1,0,0,TEST,4、更便捷的交易区块链可以让支付和交易变得更高效、更便捷。,2019-12-10 22:24:10.019,radish
71,1,1,0,0,TEST,区块链平台允许用户创建在满足某些条件时变为活动的智能合约，这意味着当交易双方同意满足其条件时，可以释放自动付款。,2019-12-10 22:24:10.019,radish
72,1,1,0,0,TEST,智慧的供应链将使我们日常吃到的食物、用到的商品更加安全，让我们更加放心。,2019-12-10 22:24:10.019,radish
73,1,1,0,0,TEST,此外，区块链还通过设置激励机制，推动“信息互联网”向“价值互联网”“信任互联网”变迁，从而充分挖掘内部的积极力量，维护网络世界的生态秩序，进而实现更加良性的治理架构，有效赋能国家治理体系和治理能力现代化建设，因此被广泛认为可能引起一场全球性的技术革新和产业变革。,2019-12-10 22:24:10.019,radish
74,1,1,0,0,TEST,随着国家战略、政策支持力度加大，寻找板块的龙头标的，才能必成大牛！,2019-12-10 22:24:10.019,radish
75,1,1,0,0,TEST,而本轮降准周期中的历次降准均为定向，所释放的资金中相当一部分要还用于置换中期借贷便利，且央行多次申明降准资金要投放至小微企业等领域，不仅所释放资金量小于全面降准，且资金投向亦受到限制，这就导致降准对A股的刺激作用大打折扣。,2019-12-10 22:24:10.019,radish
76,1,1,0,0,TEST,原因之一在于制约货币政策大幅放松的因素并未消失。,2019-12-10 22:24:10.019,radish
77,1,1,0,0,TEST,本轮降准周期均以刺激力度更小的定向降准方式来进行，一是因为房价泡沫的存在，在房价高企的情况下，货币政策大幅宽松只能起到火上浇油的作用，使房地产泡沫吹得更大，在未来形成更加棘手的局面；,2019-12-10 22:24:10.019,radish
78,1,1,0,0,TEST,欧盟同意英国脱欧期限延迟至2020年1月31日，这意味着英国再次避免无协议脱欧的险情。,2019-12-10 22:24:10.019,radish
79,1,1,0,0,TEST,虽然去年的“不雅饭局”事件引发市场对证券分析师评选活动产生异议，但证券分析师的工作对于整个证券市场来说还是非常重要的，是证券市场里“指点江山，激扬文字”的人物，因此，对证券分析师的评选还是有必要的。,2019-12-10 22:24:10.019,radish
80,1,1,0,0,TEST,不过，证券分析师评选过程中还存在着一些细节性的问题也是有待于完善的，而这些细节问题不加以解决，它最终有可能会影响到证券分析师的评选质量，因此，这些细节问题也有必要予以重视。,2019-12-10 22:24:10.019,radish
81,1,1,0,0,TEST,央行推出的数字货币，先兑换给商业银行或者机构，然后再兑换给公众，这么做的意义不在于现有货币的数字化，而是M0替代，有利于人民币流通和国际化，为货币投放、货币政策制定提供有力参考。,2019-12-10 22:24:10.019,radish
82,1,1,0,0,TEST,换做以前这么说，我们总感觉自己有点力不从心，如今这话说出来还是让人信服的，因为相比国外的区块链发展，国内的发展基础算是非常好的了。,2019-12-10 22:24:10.019,radish
83,1,1,0,0,TEST,跟着黄哥的肯定不会被大调整所吓倒，因为咱们做到了仓位、风控合理配置，那就进可攻退可守，也就不会怕。,2019-12-10 22:24:10.019,radish
84,1,1,0,0,TEST,分布式账本分布式账本指的是交易记账由分布在不同地方的多个节点共同完成，而且每一个节点记录的是完整的账目，因此它们都可以参与监督交易合法性，同时也可以共同为其作证。,2019-12-10 22:24:10.019,radish
85,1,1,0,0,TEST,事实上，只要参与记账的人的数量足够多，不能掌控全部数据节点的51%，就无法肆意操控修改数据，这使区块链本身变得相对安全，避免了主观人为的数据变更。,2019-12-10 22:24:10.019,radish
86,1,1,0,0,TEST,为什么其他玩家都会主动给获胜者奖励，是因为打麻将的人都自动达成了共识，获胜者赢钱，大家都记录了这笔账并认定这笔账有效，甚至包括坐在旁边看打牌的牌友，每个人都在心中为牌局记了账，想抵赖是不行的。,2019-12-10 22:24:10.019,radish
87,1,1,0,0,TEST,为什么这只鸡能够卖到这么贵的价格，因为它采用了区块链技术。,2019-12-10 22:24:10.019,radish
88,1,1,0,0,TEST,市场全天走势相对稳健，科技股成为市场最大的亮点，成交量也出现一定程度的放大，市场热点集中突出，做多的动能相对充沛，这对于市场接下来的行情和走势来说都是一个积极信号，一旦市场出现持续性的热点，那更将是一个值得我们短期做多的格局。,2019-12-10 22:24:10.019,radish
89,1,1,0,0,TEST,从今天整个市场的表现看，利好刺激下的相关概念一枝独秀的成为市场今天的最大燃爆点，其实彬哥不止一次的说过，A股市场在很大程度上是会受到政策以及制度的影响的，在A股市场，做多还是做空都需要看政策，这一次再度得到了很好的验证，从今天整个市场走势看，以区块链和数字货币为首的个股成为做多的最大力量，而且这个做多还将持续下去，因此对于我们投资者来说，短期的选择将会非常的明确，那就是深挖市场可能出现的新的和区块链有关的个股，继续寻找这个版块和概念的做多操作机会，在区块链有关概念和个股的带动下，市场必将再度掀起一波科技股的浪潮，毫不客气的说，科技股的春天已经来临。,2019-12-10 22:24:10.019,radish
90,1,1,0,0,TEST,前期走强的供气供热、房地产、水产品、银行等板块跌幅靠前，这点也很正常，主要原因就是场外资金没有进场，目前还是场内资金在对倒折腾，主力资金新进入一个板块就要撤离另外一个板块，所以，前期走前的银行、地产今天就开始回调了。,2019-12-10 22:24:10.019,radish
91,1,1,0,0,TEST,目前还不知道，但我们还是建议大家对比当初雄安板块的炒作模式，也就是所有板块个股都打开了涨停，大家就要注意风险，海通证券认为，未来区块链将在金融、医疗、政务处理、智慧城市等领域拥有广泛应用空间，但也要认识到区块链技术目前还存在成本高效率低的问题，并非广泛适用所有的应用场景，而且各家上市公司真正体现到业绩增长尚需时间验证，所以“区块链”概念在炒作后难免价值回归，因此投资者需要注意短线追高的风险。,2019-12-10 22:24:10.019,radish
92,1,1,0,0,TEST,区块链板块走强以后，市场热点带动芯片、软件等科技股，长电科技、中微公司、江化微、华天科技等芯片概念股全线大涨，中国软件、浪潮软件，浪潮信息等软件股也出现了拉升，光大证券认为区块链有望带动市场情绪回暖，目前市场的预期也是想通过区块链的利好刺进场外资金入场，但就今天大盘走势来说，大盘就此企稳的概率不是很大，毕竟前期强势的猪肉、银行等板块都出现了较大力度的回调，我们前期说过，强势市场应该是强势股继续上涨，场外抄底资金推动补涨股走强，但今天前期强势股全线回调，两市还有近10只个股跌停，所以，目前只能定义为反弹，反弹的高点还是先看3000点附近，大盘有效站稳3000点的概率不大，除非后期市场还有利好推出，否则，大家还是要小心周三以后大盘下跌的风险，回踩的低点我们还是先看2900点附近，极限是前期缺口2870点附近，大盘向下的空间不大。,2019-12-10 22:24:10.019,radish
93,1,1,0,0,TEST,国企改革对股市最直接的影响就是周期股板块和沪指的走势，因为沪指的成份股多数是国有控股上市公司。,2019-12-10 22:24:10.019,radish
94,1,1,0,0,TEST,如果回溯一年的股市波动，拉平短期震荡，就会看到过去一年的交易量是稳步上涨的。,2019-12-10 22:24:10.019,radish
95,1,1,0,0,TEST,随着中国经济总量在全球提升，提高配置中国资产是国际资金必选题。,2019-12-10 22:24:10.019,radish
96,1,1,0,0,TEST,不过，由于本次修改只允许符合国家战略的高新技术产业和战略性新兴产业相关资产在创业板重组上市《重组办法》的修订主要涉及五个方面，包括取消重组上市认定标准中的“净利润”指标、进一步缩短“累计首次原则”计算期间、推进创业板重组上市改革、恢复重组上市配套融资、加强重组业绩承诺监管等。,2019-12-10 22:24:10.019,radish
97,1,1,0,0,TEST,比如随着今后创业板公司重组上市案例的增多，创业板与科创板可能出现“同质化”的问题，继而导致创业板与科创板层次不清的问题；,2019-12-10 22:24:10.019,radish
98,1,1,0,0,TEST,但由于2016年修订后对此进行了约束，因而对某些重组上市的上市公司产生了影响。,2019-12-10 22:24:10.019,radish
99,1,1,0,0,TEST,而且，对于创业板公司而言，虽然重组上市已经解禁，但由于只限定于高新技术产业与战略性新兴技术产业，这些产业的企业与其在创业板重组上市，倒不如在科创板挂牌。,2019-12-10 22:24:10.019,radish
100,1,1,0,0,TEST,由于重组上市的标准与IPO“等同”，企业重组上市的难度提高。,2019-12-10 22:24:10.019,radish
101,1,1,0,0,TEST,由于重组上市的标准与IPO“等同”，企业重组上市的难度提高。,2019-12-10 22:24:10.019,radish
102,1,1,0,0,TEST,可以预见的是，此次通过对《重组办法》的修订，对上市公司并购重组的松绑，不仅能够助力上市公司提质增效，也能激发上市公司并购重组的热情，进一步释放资本市场的活力。,2019-12-10 22:24:10.019,radish
103,1,1,0,0,TEST,由于从多个方面进行松绑，实际上是降低的门槛。,2019-12-10 22:24:10.019,radish
104,1,1,0,0,TEST,而且，对于创业板公司而言，虽然重组上市已经解禁，但由于只限定于高新技术产业与战略性新兴技术产业，这些产业的企业与其在创业板重组上市，倒不如在科创板挂牌。,2019-12-10 22:24:10.019,radish
105,1,1,0,0,TEST,而且，对于创业板公司而言，虽然重组上市已经解禁，但由于只限定于高新技术产业与战略性新兴技术产业，这些产业的企业与其在创业板重组上市，倒不如在科创板挂牌。,2019-12-10 22:24:10.019,radish
106,1,1,0,0,TEST,而且，对于创业板公司而言，虽然重组上市已经解禁，但由于只限定于高新技术产业与战略性新兴技术产业，这些产业的企业与其在创业板重组上市，倒不如在科创板挂牌。,2019-12-10 22:24:10.019,radish
107,1,1,0,0,TEST,由于重组上市的标准与IPO“等同”，企业重组上市的难度提高。,2019-12-10 22:24:10.019,radish
108,1,1,0,0,TEST,由于重组上市的标准与IPO“等同”，企业重组上市的难度提高。,2019-12-10 22:24:10.019,radish
109,1,1,0,0,TEST,由于重组上市的标准与IPO“等同”，企业重组上市的难度提高。,2019-12-10 22:24:10.019,radish
110,1,1,0,0,TEST,周五全天是感觉没有什么好的题材介入的，只能做下涨价题材猪肉股以及双十一题材，双十一题材随着时间的临近也已经到尾声了，鲁商发展玻尿酸周五是放了大量出来，这里还要考虑正主华熙生物的上市，所以这只正常来说周一就有可能是见顶了，另外电商股星期六是对应壹网壹创的补涨，壹网壹创周五收了条上影，这个形态也是不太好，从题材的时间来说，很快就双十一了，资金总要预足撤退的时间，所以这个题材也就这样了，周五涨停的天创时尚，值得买这些都可以视作是板块高潮的标志。,2019-12-10 22:24:10.019,radish
111,1,1,0,0,TEST,受此影响，美股部分区块链概念股出现了大幅上涨的走势，至于近年来大热的比特币，也因此受到了显著提振，价格一度出现了显著回升的走势。,2019-12-10 22:24:10.019,radish
112,1,1,0,0,TEST,区块链，得到了政策的认可，这对区块链技术的发展与创新，带来了不一般的影响意义。,2019-12-10 22:24:10.019,radish
113,1,1,0,0,TEST,但是，需要肯定的是，对于此次区块链技术得到政策层面的认可，但此次政策定调，并非意在鼓励资金炒作与投机，甚至可能因此引发行业的加速洗牌，推动行业的优胜劣汰进程。,2019-12-10 22:24:10.019,radish
114,1,1,0,0,TEST,与此同时，通过此次政策定调，可能意味着未来政策层面更重视区块链技术的核心竞争力，并积极探寻区块链技术与实体经济的融合，并更有利于推动企业与经济的发展与转型，且更有针对性的解决好安全隐私等核心问题，从而造福社会。,2019-12-10 22:24:10.019,radish
115,1,1,0,0,TEST,对于区块链的发展前景，逐渐得到了多方的认可。,2019-12-10 22:24:10.019,radish
116,1,1,0,0,TEST,但是，对于市场而言，区块链的大热，可能会推动区块链概念股的短期上涨。,2019-12-10 22:24:10.019,radish
117,1,1,0,0,TEST,前三季度最终消费支出对经济增长贡献率保持在60%以上，消费这驾马车已经成为拉动国内经济的主要驱动力，是长期推动国内经济增长的动力之源。,2019-12-10 22:24:10.019,radish
118,1,1,0,0,TEST,消费这一驾马车对经济的作用长期仍保持“油量满满”，尤其是在投资和出口增速回落的情况下，对经济的促进作用更是显得尤为重要，也因此，国内消费潜力仍待继续挖掘，通过不断释放消费潜力来为经济带来动力。,2019-12-10 22:24:10.019,radish
119,1,1,0,0,TEST,这是继证监会宣布降低交易成本，引导长期资金入市之后的有一个大动作。,2019-12-10 22:24:10.019,radish
120,1,1,0,0,TEST,四是在高层宣布，区块链技术的集成应用在新的技术革新和产业变革中起着重要作用的指示以后，整个区块链圈都沸腾了，朋友圈被刷屏，不少小伙伴惊呼，区块链的春天到了。,2019-12-10 22:24:10.019,radish
121,1,1,0,0,TEST,这或许是国际投资机构进军中国资本市场的一个信号，也在兆示着A股市场广阔的发展空间。,2019-12-10 22:24:10.019,radish
122,1,1,0,0,TEST,而资本市场上的违法违规行为有时具有一定的隐蔽性，因此，在这种情况下，实行有奖举报制度，动员全社会的力量参与到对违法违规行为的监管中来，这就可以更好地对违法违规行为实施监管，进而对违法违规行为形成一种震慑力。,2019-12-10 22:24:10.019,radish
123,1,1,0,0,TEST,此前，Facebook掌门人扎克伯格曾经说过，目前全球有10亿人没有银行账户，凸显全球性普惠金融担子之重，任务之急迫。,2019-12-10 22:24:10.019,radish
124,1,1,0,0,TEST,由于支付宝和微信支付的普及，而且在社会渗透率异常之高，人们误认为这两个工具是非现金支付的主力。,2019-12-10 22:24:10.019,radish
125,1,1,0,0,TEST,因此，荣耀的“爆品”论出来后，可谓一语激起千层浪。,2019-12-10 22:24:10.019,radish
126,1,1,0,0,TEST,2014年，中国从3G跨入4G时，它们曾经历过这样的转折，有人借此诞生，有人因此弯道超车，也有人慢慢掉队，最终“中华酷联”的阵营被打散，华为、小米、OPPO、vivo等位居前列。,2019-12-10 22:24:10.019,radish
127,1,1,0,0,TEST,因此，今年2月，高通首个5G集成式移动平台骁龙7系5G移动平台发布时，合作方中，除摩托罗拉、LG等外，OPPO、vivo、Redmi、Realme等国内几大厂商和品牌悉数在榜。,2019-12-10 22:24:10.019,radish
128,1,1,0,0,TEST,同时，这也意味着高通系厂商需要加紧产品研发与淘汰，而自一开始就NSA、SA并行的华为，则避免了试错。,2019-12-10 22:24:10.019,radish
129,1,1,0,0,TEST,对一部分中国中小企业而言，未来只有走自主创新之路，专注于前沿技术的研发与量产，才能够增强自身在国际市场的话语权，面对激烈的国际竞争时才能够游刃有余。,2019-12-10 22:24:10.019,radish
130,1,1,0,0,TEST,当前形势下，中小企业融资难一直备受各界关注，为促进中小企业融资，从中央到地方都制定了支持政策，但是从市场反馈来看，中小企业融资渠道仍不够通畅。,2019-12-10 22:24:10.019,radish
131,1,1,0,0,TEST,由于相应的配套措施不完善，针对中小企业融资推出的支持政策，在实施过程中仍然面临一系列难题。,2019-12-10 22:24:10.019,radish
132,1,1,0,0,TEST,我认为，最大的难题是中小企业信用数据缺失度较高，无形中造成银行风控难度大、成本高，从而导致银行对于中小企业贷款慎之又慎，积极性不高。,2019-12-10 22:24:10.019,radish
133,1,1,0,0,TEST,除此之外，银行等金融机构的业务效率不够高，亦是制约中小企业融资的关键因素之一。,2019-12-10 22:24:10.019,radish
134,1,1,0,0,TEST,与此同时，银行等金融机构的审核放款速度应进一步提高，以更好地满足中小企业流动性贷款需求。,2019-12-10 22:24:10.019,radish
135,1,1,0,0,TEST,同时下大力气，为中小型制造企业打通更多的融资渠道，并支持部分优质中小型制造企业在国内外资本市场挂牌上市，以资本的力量推动其向“专精特新”方向转型升级。,2019-12-10 22:24:10.019,radish
136,1,1,0,0,TEST,与此同时，中小型制造业企业还应紧紧抓住第四次工业革命和新兴科技的浪潮，进一步加强自主创新能力。,2019-12-10 22:24:10.019,radish
137,1,1,0,0,TEST,它使得中国老百姓遇到物价上涨就喊通货膨胀、货币超发，而对央行任何释放基础货币的动作都很反感，并笼统地把基础货币投放看作是“放水”。,2019-12-10 22:24:10.019,radish
138,1,1,0,0,TEST,公众这样的理解，加上专业财经媒体“不专业的表述”，以致“放水”变成为人不齿的行为，从而绑架或干扰了中国央行货币政策的正常实施。,2019-12-10 22:24:10.019,radish
139,1,1,0,0,TEST,很多人、甚至包括“大牌经济学家”都在说，中国广义货币供应量（M2）高达195万亿元，超过GDP的100%还要多，所以中国货币超发。,2019-12-10 22:24:10.019,radish
140,1,1,0,0,TEST,所以，M2的高低，不仅取决于央行发放基础货币数量的多少，同时更取决于商业金融机构创造“派生货币”的能力，亦即货币乘数的高低。,2019-12-10 22:24:10.019,radish
141,1,1,0,0,TEST,我们的研究表明，正是因为货币乘数投放相对过少、货币乘数不断提高，才导致M2规模过大，中国经济中的债务杠杠不断提高。,2019-12-10 22:24:10.019,radish
142,1,1,0,0,TEST,因此，《报告》认为，这次CPI上涨背后是供给冲击而非需求冲击。,2019-12-10 22:24:10.019,radish
143,1,1,0,0,TEST,明白上述道理，请大家不要轻易说“央行放水”，这会对老百姓的物价预期构成不良干扰，从而滞涩中央银行货币政策的正常实施，近而对中国经济产生不良影响。,2019-12-10 22:24:10.019,radish
144,1,1,0,0,TEST,股市有风险，入市需谨慎。,2019-12-10 22:24:10.019,radish
145,1,1,0,0,TEST,坚持大趋势操作，是真正的价值投资思周五大盘低开下探，在2920点获支撑后持续上攻，金融板块和科技主线资金持续流入，带动大盘稳步上收，最终大盘温和放量，收出带下影线中阳，一举收复5天和20天线。,2019-12-10 22:24:10.019,radish
146,1,1,0,0,TEST,坚持大趋势操作，是真正的价值投资思大盘今日能够收阳，释放短调结束行情展开新一轮上涨的信号，是主升初期短调后转强的必然结果。,2019-12-10 22:24:10.019,radish
147,1,1,0,0,TEST,大盘今日能够收阳，释放短调结束行情展开新一轮上涨的信号，是主升初期短调后转强的必然结果。,2019-12-10 22:24:10.019,radish
148,1,1,0,0,TEST,八是A股出清后整体质地良好，价值投资越来越占主导地位，下一轮行情有望首现牛长熊短格局。,2019-12-10 22:24:10.019,radish
149,1,1,0,0,TEST,股市有风险，入市需谨慎。,2019-12-10 22:24:10.019,radish
150,1,1,0,0,TEST,目前，证监会正和有关方面一起，按照国务院批准的方案积极开展全面推开H股“全流通”的各项准备工作，并将尽快发布相关工作指引，指导相关公司和股东稳妥开展H股“全流通”。,2019-12-10 22:24:10.019,radish
151,1,1,0,0,TEST,根据供求规律，在需求不变的情况下，供给的增加，会对市场带来一定的冲击。,2019-12-10 22:24:10.019,radish
152,1,1,0,0,TEST,之所以认为H股“全流通”不会给港股带来太大的冲击，究其原因首先在于港股本身就是一个全流通的市场，不像A股，曾经长期处于分豁状态，存在大量的非流通股。,2019-12-10 22:24:10.019,radish
153,1,1,0,0,TEST,更何况目前整个H股在港股中所占的比例不大，因此，H股“全流通”即便有影响也只是局部的，而不是全局的，对整个港股的影响有限。,2019-12-10 22:24:10.019,radish
154,1,1,0,0,TEST,所以对于这些大央企、大国企的H股“全流通”，更多只是形式上的“全流通”，实际上，这些公司的大股东仍然还会是持股不动。,2019-12-10 22:24:10.019,radish
155,1,1,0,0,TEST,其三，港股的股价相对于A股来说要相对合理许多，因此，H股“全流通”带来的冲击也会小很多。,2019-12-10 22:24:10.019,radish
156,1,1,0,0,TEST,尤其是目前很多H股都是采取H+A的方式同时在香港与内地两地上市，由于A股的股价普遍高于H股，所以从上市公司股东来说，减持套现的重点主要是在A股市场，而不是H股。,2019-12-10 22:24:10.019,radish
157,1,1,0,0,TEST,由于A股市场的不成熟，A股市场的投资者将会更多地为大股东及原始股东的套现买单。,2019-12-10 22:24:10.019,radish
158,1,1,0,0,TEST,也正因如此，H股“全流通”，真正带来套现压力的将会是纯H股公司，这类公司没有A股上市，股东要套现的话，就只能选择在H股套现。,2019-12-10 22:24:10.019,radish
159,1,1,0,0,TEST,而这种纯H股公司毕竟在整个港股中所占的比重不高，所以影响也较为有限。,2019-12-10 22:24:10.019,radish
160,1,1,0,0,TEST,但这两个最重要的因素在H股“全流通”中都不具备，因此，寄希望于H股“全流通”带来“全流通牛市”并不现实。,2019-12-10 22:24:10.019,radish
161,1,1,0,0,TEST,所以，股市的确需要信心，更需要提振！,2019-12-10 22:24:10.019,radish
162,1,1,0,0,TEST,因为量大，而且是越来越大。,2019-12-10 22:24:10.019,radish
163,1,1,0,0,TEST,因为再过两个月，将迎来641任上三年800家IPO的第一个减持洪峰！,2019-12-10 22:24:10.019,radish
164,1,1,0,0,TEST,减持新规说到底，只是在家里多填几个盆，但房子漏雨最关键的其实是如何补窟窿修屋顶去年九月十月，我们给大家说过，A股（在当时）短期的企稳反弹一定是股权质押危机解除作为契机，而长期牛市的开启一定伴随着发行机制的改革。,2019-12-10 22:24:10.019,radish
165,1,1,0,0,TEST,券商股盘中暴动带动指数翻红。,2019-12-10 22:24:10.019,radish
166,1,1,0,0,TEST,对此中国外交部发言人华春莹在24日的例行记者会上表示：希望美方政策制定者倾听国内及国际社会的理性声音，停止限制中美科技交流合作的错误做法，同中方相向而行，共同为促进人类科技进步作出努力。,2019-12-10 22:24:10.019,radish
167,1,1,0,0,TEST,面对社保基金庞大的累计结余规模，如何有效盘活资金，且实施有效的投资运营，将直接影响到基金的保值增值效果。,2019-12-10 22:24:10.019,radish
168,1,1,0,0,TEST,至于国内养老金的入市影响，最直接的影响，莫过于为证券市场带来源源不断的新增流动性补充。,2019-12-10 22:24:10.019,radish
169,1,1,0,0,TEST,作为专业的机构投资者，养老金的入市提速自然也会从一定程度上增强国内证券市场的机构化比重。,2019-12-10 22:24:10.019,radish
170,1,1,0,0,TEST,实际上，从近年来国内市场的投资者结构变化情况分析，随着各类专业机构的加速进入，国内机构投资者的比重有逐渐抬升的迹象。,2019-12-10 22:24:10.019,radish
171,1,1,0,0,TEST,在机构化的时代下，意味着以往股票市场的投资者结构将会发生重要的变化。,2019-12-10 22:24:10.019,radish
172,1,1,0,0,TEST,养老金入市提速，有利于加快实现养老金的增值效果，对人口老龄化趋势下的养老金缺口问题起到一定的缓冲效果，具有长期积极的战略影响意义。,2019-12-10 22:24:10.019,radish
173,1,1,0,0,TEST,虽然涨停家数减少，但市场出现难得的良性切换信号，那就是主力资金开始加速从白酒等补跌品种出货，这意味着主力资金开始从机构抱团的防御品种向新主线切换条件具备。,2019-12-10 22:24:10.019,radish
174,1,1,0,0,TEST,虽然涨停家数减少，但市场出现难得的良性切换信号，那就是主力资金开始加速从白酒等补跌品种出货，这意味着主力资金开始从机构抱团的防御品种向新主线切换条件具备。,2019-12-10 22:24:10.019,radish
175,1,1,0,0,TEST,随着双11的开启，数千万社交电商大军倾巢而出，抢食着这场购物的盛宴。,2019-12-10 22:24:10.019,radish
176,1,1,0,0,TEST,社交电商源起于淘宝客，在过去的一年时间里通过裂变迅速成为风口，并掀起全民分销的热潮。,2019-12-10 22:24:10.019,radish
177,1,1,0,0,TEST,低价永远是一把利器，京东在今年的第二季度，已经尝到了甜头。,2019-12-10 22:24:10.019,radish
178,1,1,0,0,TEST,各个社交电商平台为了扩大这一部分的利益，致使多级分销就成了这个行业自诞生以来难以避免的现象。,2019-12-10 22:24:10.019,radish
179,1,1,0,0,TEST,裂变是社交电商们的迅速发展的优势，然而在平台发展过程中，随着分销商人数的不断扩大，几乎难以避开动作走形。,2019-12-10 22:24:10.019,radish
180,1,1,0,0,TEST,双11自2009年开启，已经走过10个年头，从大比例折扣到复杂的“数学计算题”，消费者对双11的兴趣度在不断地降低，各大电商平台只能不断尝试新的玩法。,2019-12-10 22:24:10.019,radish
181,1,1,0,0,TEST,这本身就是一个信息差的生意，当越来越多的人跳过分销商自己成为一个淘宝客，那最终的结果就是分享赚钱变得无人可分享，只剩下自购省钱，这相当于最终分销商都变成了有着消费特权的会员。,2019-12-10 22:24:10.019,radish
182,1,1,0,0,TEST,但是，一旦遇到其经营的企业失败，会导致企业主背负重债而破产。,2019-12-10 22:24:10.019,radish
183,1,1,0,0,TEST,要想使其拥有重新开始的机会，很有必要在这个阶段推行建立个人破产制度，这样做对债务人本人、债权人双方都有利。,2019-12-10 22:24:10.019,radish
184,1,1,0,0,TEST,之前，由于我国没有个人破产制度，对于债务人来说，如果确实已经资不抵债且预期将来也无法偿还，一旦遇上暴力催债等外力逼迫，走上绝路的悲剧事件就难以避免。,2019-12-10 22:24:10.019,radish
185,1,1,0,0,TEST,现在个人破产制度研究制定，对金融机构等债权人来说，没有了债务人终身偿还的承诺，其从产品设计到利率设定，从风险管理到债权催收都需要作出调整，而不是在获得了债务人的抵/质押品和无限连带责任的承诺后就草草放款，从而减少他们激进放贷的动机，降低相关债务纠纷发生频率。,2019-12-10 22:24:10.019,radish
186,1,1,0,0,TEST,不过，如果全国开始推行个人破产制度，目前还存在不少难点，首先就是信息共享这道坎儿。,2019-12-10 22:24:10.019,radish
187,1,1,0,0,TEST,由于现阶段我国财产登记制度不健全、现金交易管控不严格，可能会导致个人破产制度成为“老赖”逃债的工具，出现债务人转移隐匿财产、逃废债务的现象。,2019-12-10 22:24:10.019,radish
188,1,1,0,0,TEST,当前，国家相关部门对个人破产制度的研究和推广初衷是好的，目的是为了最终建立全面的个人破产制度，给诚信的人“翻身”的机会。,2019-12-10 22:24:10.019,radish
189,1,1,0,0,TEST,但在这一过程中，需要防范被别有用心之人钻空子，否则可能诱发道德风险，进而损害破产程序的公平受偿。,2019-12-10 22:24:10.019,radish
190,1,1,0,0,TEST,但这终究只是一种临时措施，也只能缓解一时之急，毕竟两周之后，到了11月14日，浙商银行还是要发行，市场还是需要面对浙商银行发行带来的压力，如果新股发行仍然保持目前高速发行的节奏，届时市场同样需要承受较大的新股发行压力。,2019-12-10 22:24:10.019,radish
191,1,1,0,0,TEST,大盘股的发行由于其募资金额较大因此带给市场的冲击也相对较大，毕竟一家大盘股的发行募资，少则百亿，多则数百亿，发行一只大盘股相当于发行十几家甚至几十家小盘股，所以在新股发行提速，市场压力较大的背景下，有必要严控大盘股的发行。,2019-12-10 22:24:10.019,radish
192,1,1,0,0,TEST,如果一定要安排大盘股的发行，那也有必要对其募资金额予以压缩，尽可能减轻对市场的冲击。,2019-12-10 22:24:10.019,radish
193,1,1,0,0,TEST,毕竟金融业本身就应该支持实体经济发展，因此更不应该在股市发股压力较大的背景下安排其上市，与实体经济争夺上市资源。,2019-12-10 22:24:10.019,radish
194,1,1,0,0,TEST,因此，新股发行必须对新股发行制度予以完善，避免新股发行成为限售股的生产机器。,2019-12-10 22:24:10.019,radish
195,1,1,0,0,TEST,而按照目前的新股发行制度，每只新股发行都会给市场带来数倍于首发流通股规模的限售股，如此一来，股市也就沦为了限售股的提款机。,2019-12-10 22:24:10.019,radish
196,1,1,0,0,TEST,股市不仅要面对新股发行的压力，更要面对限售股套现的压力，这只会让市场进一步陷入困境，从而影响到新股发行的顺利进行。,2019-12-10 22:24:10.019,radish
197,1,1,0,0,TEST,也就是说，如果刻意拉高利率，会给市场“央行真实采用抑制通胀手段”的看法，那谁还相信它“既无通胀，也无通缩”的表态？,2019-12-10 22:24:10.019,radish
198,1,1,0,0,TEST,不同的是：我认为，M2“减糖加水”的过程是导致中国金融劣质化的过程，需要纠正；,2019-12-10 22:24:10.019,radish
199,1,1,0,0,TEST,管涛认为，央行“扩表”有助于提高货币政策效力。,2019-12-10 22:24:10.019,radish
200,1,1,0,0,TEST,理由是：面对国内外风险挑战明显增多的复杂局面，需要进一步完善宏观调控、充实政策工具箱。,2019-12-10 22:24:10.019,radish
201,1,1,0,0,TEST,他认为，中国央行将资产负债表管理、存款准备金率和基准利率调整结合使用，可以进一步丰富金融调控手段，拓展货币政策空间；,2019-12-10 22:24:10.019,radish
202,1,1,0,0,TEST,而且，与降准和降息相比，“扩表”操作的灵活性更强，货币刺激的信号作用较弱，有助于避免扰动市场预期。,2019-12-10 22:24:10.019,radish
203,1,1,0,0,TEST,比如，央行可以通过针对地方政府专项债发行、商业银行资本补充、支持企业债权股权融资等特定事项，优化抵押品范围、调整央行交易对手、创新货币政策工具等，加强财政、货币和结构性政策的协调，进一步疏通货币政策传导机制，使金融更好服务实体经济。,2019-12-10 22:24:10.019,radish
204,1,1,0,0,TEST,一是屈服于舆论压力，打压限制甚至取缔创新项目，结果甘愿落伍，最终影响整个国家的综合发展，痛失创新崛起良机。,2019-12-10 22:24:10.019,radish
205,1,1,0,0,TEST,如果仍沿用老办法去管制，就可能没有今天的微信了！”,2019-12-10 22:24:10.019,radish
206,1,1,0,0,TEST,当然，上有政策，下有对策。,2019-12-10 22:24:10.019,radish
207,1,1,0,0,TEST,对待创新失败甚至创新产品伤及消费者，面对舆论沸腾，官方有两种截然不同的态度，也会导致两种截然相反的后果。,2019-12-10 22:24:10.019,radish
208,1,1,0,0,TEST,一是屈服于舆论压力，打压限制甚至取缔创新项目，结果甘愿落伍，最终影响整个国家的综合发展，痛失创新崛起良机。,2019-12-10 22:24:10.019,radish
209,1,1,0,0,TEST,如果仍沿用老办法去管制，就可能没有今天的微信了！”,2019-12-10 22:24:10.019,radish
210,1,1,0,0,TEST,对待创新失败甚至创新产品伤及消费者，面对舆论沸腾，官方有两种截然不同的态度，也会导致两种截然相反的后果。,2019-12-10 22:24:10.019,radish
211,1,1,0,0,TEST,一是屈服于舆论压力，打压限制甚至取缔创新项目，结果甘愿落伍，最终影响整个国家的综合发展，痛失创新崛起良机。,2019-12-10 22:24:10.019,radish
212,1,1,0,0,TEST,如果仍沿用老办法去管制，就可能没有今天的微信了！”,2019-12-10 22:24:10.019,radish
213,1,1,0,0,TEST,当然，上有政策，下有对策。,2019-12-10 22:24:10.019,radish
214,1,1,0,0,TEST,在中国经济目前下行压力依然较大情况下，向创新要发展的驱动力已经是不二选择。,2019-12-10 22:24:10.019,radish
215,1,1,0,0,TEST,如果不是一大批新经济新科技新金融企业在过去蓬勃发展起来，今天的经济状况或不可想象，包括就业危机或已经凸显出来。,2019-12-10 22:24:10.019,radish
216,1,1,0,0,TEST,由于还有均线下行的技术压力，科创板股票还会震荡整理消化技术压力。,2019-12-10 22:24:10.019,radish
217,1,1,0,0,TEST,次新股震荡转强，微芯生物.山石网科.晶晨股份.光峰科技.铂力特.米奥兰特.宏和科技.佳禾智能涨停，还有交建股份.西部超导.航天宏图.传音控股.日辰股份.热景生物.天宜上佳.福蓉科技等大幅走强，科创板股带动次新股板块走强，次新股指数如果站上2874点之上，有望迎来一波向上反弹行情。,2019-12-10 22:24:10.019,radish
218,1,1,0,0,TEST,但在科创板设立之后，《科创板上市公司重大资产重组特别规定》并没有对重组上市进行禁止，作为资本市场改革的“试验田”，科创板尚且允许重组上市的发生，如果再禁止创业板公司重组上市，不仅对创业板不公平，对创业板相关上市公司不公平，也对创业板投资者不公平。,2019-12-10 22:24:10.019,radish
219,1,1,0,0,TEST,由于《重组办法》在多个方面放松管制，重组新规不仅能够助力上市公司提质增效，也能激发上市公司并购重组的热情，进一步释放市场的活力。,2019-12-10 22:24:10.019,radish
220,1,1,0,0,TEST,因此，重组新规出台的意义是不言而喻的。,2019-12-10 22:24:10.019,radish
221,1,1,0,0,TEST,但在科创板设立之后，《科创板上市公司重大资产重组特别规定》并没有对重组上市进行禁止，作为资本市场改革的“试验田”，科创板尚且允许重组上市的发生，如果再禁止创业板公司重组上市，不仅对创业板不公平，对创业板相关上市公司不公平，也对创业板投资者不公平。,2019-12-10 22:24:10.019,radish
222,1,1,0,0,TEST,）由于《重组办法》在多个方面放松管制，重组新规不仅能够助力上市公司提质增效，也能激发上市公司并购重组的热情，进一步释放市场的活力。,2019-12-10 22:24:10.019,radish
223,1,1,0,0,TEST,但在科创板设立之后，《科创板上市公司重大资产重组特别规定》并没有对重组上市进行禁止，作为资本市场改革的“试验田”，科创板尚且允许重组上市的发生，如果再禁止创业板公司重组上市，不仅对创业板不公平，对创业板相关上市公司不公平，也对创业板投资者不公平。,2019-12-10 22:24:10.019,radish
224,1,1,0,0,TEST,由于《重组办法》在多个方面放松管制，重组新规不仅能够助力上市公司提质增效，也能激发上市公司并购重组的热情，进一步释放市场的活力。,2019-12-10 22:24:10.019,radish
225,1,1,0,0,TEST,这让创业板更显“包容性”，假如今后创业板出现的重组上市案例越来越多，那么创业板就有可能变成“科创板第二”。,2019-12-10 22:24:10.019,radish
226,1,1,0,0,TEST,个人以为，抑制并购重组的高溢价现象，让重组方兑现业绩承诺、补偿协议最好的方法就是将其持有股份进行锁定。,2019-12-10 22:24:10.019,radish
227,1,1,0,0,TEST,只有重组方兑现了业绩承诺或补偿协议后，重组方的限售股份才能进行解禁。,2019-12-10 22:24:10.019,radish
228,1,1,0,0,TEST,因此，创业板重组上市的标的资产，应该是科技创新型资产。,2019-12-10 22:24:10.019,radish
229,1,1,0,0,TEST,但高溢价并购也往往会产生高商誉，今年出现的高商誉“爆雷”现象，不仅导致多家上市公司出现巨亏，也严重损害了上市公司与投资者的利益。,2019-12-10 22:24:10.019,radish
230,1,1,0,0,TEST,只有重组方兑现了业绩承诺或补偿协议后，重组方的限售股份才能进行解禁。,2019-12-10 22:24:10.019,radish
231,1,1,0,0,TEST,个人以为，抑制并购重组的高溢价现象，让重组方兑现业绩承诺、补偿协议最好的方法就是将其持有股份进行锁定。,2019-12-10 22:24:10.019,radish
232,1,1,0,0,TEST,只有重组方兑现了业绩承诺或补偿协议后，重组方的限售股份才能进行解禁。,2019-12-10 22:24:10.019,radish
233,1,1,0,0,TEST,但高溢价并购也往往会产生高商誉，今年出现的高商誉“爆雷”现象，不仅导致多家上市公司出现巨亏，也严重损害了上市公司与投资者的利益。,2019-12-10 22:24:10.019,radish
234,1,1,0,0,TEST,而在上市公司高溢价并购的背后，业绩承诺监管不到位难辞其咎。,2019-12-10 22:24:10.019,radish
235,1,1,0,0,TEST,随着新股发行节奏的稳步提升，上市一年后的限售股解禁压力以及随后的首发原股东限售股份解禁压力，则将会直接影响到上市公司股票价格的走向。,2019-12-10 22:24:10.019,radish
236,1,1,0,0,TEST,限售股解禁，虽然未必会引发巨量减持的风险，但随着限售股的有序解禁，解禁限售股的减持需求自然也会水涨船高。,2019-12-10 22:24:10.019,radish
237,1,1,0,0,TEST,百亿解禁压力下，导致天风证券股票价格的接连跌停。,2019-12-10 22:24:10.019,radish
238,1,1,0,0,TEST,在实际情况下，例如大幅提升上市公司首发流通股的比例、进一步规范上市公司的减持动作以及对原始股东提升减持交易成本等，这些举措都可能会起到保护投资者的作用，并或多或少减缓市场的抛售压力。,2019-12-10 22:24:10.019,radish
239,1,1,0,0,TEST,银行人士认为，除长期资金短缺以外，企业利润下滑也让银行普遍产生“谨慎心理”，优质资产（优质贷款客户）越来越少，这迫使银行业务重心向“低端”倾斜，试图寻找更多“风险相对较低，但有能力承担较高利率负担”的企业。,2019-12-10 22:24:10.019,radish
240,1,1,0,0,TEST,实际上，一些经济学家也因此而嘟囔“通胀有所抬头”，似乎央行需要依此而收紧货币。,2019-12-10 22:24:10.019,radish
241,1,1,0,0,TEST,不过，这次CPI达到3%的涨幅，让我们看到了一些进步。,2019-12-10 22:24:10.019,radish
242,1,1,0,0,TEST,如果粉丝经济模式主要依靠优质产品，凝聚用户忠诚，会员模式则通过增加会员权益和商务合作，加粗、加长与加深双方的纽带。,2019-12-10 22:24:10.019,radish
243,1,1,0,0,TEST,制造企业直接对接消费者需求，打通了制造企业和消费者之间的信息沟通障碍，让供给灵活适应需求变化，更好满足消费者需求，同时去掉中间层，压缩中间环节的成本，让价值回归制造企业和消费者，促进实体经济增长的同时满足消费者对美好生活的需要。,2019-12-10 22:24:10.019,radish
244,1,1,0,0,TEST,“社交体验”策略驱动了销量持续放大。,2019-12-10 22:24:10.019,radish
245,1,1,0,0,TEST,2.云集：会员电商的开创者2015.5共享经济背景下，云集App上线2016.6单月销售额突破1亿元2016.8云集注册店主总数突破50万人2016.12云集获当年社交电商领域最高A轮融资2.28亿元2017.9云集自主研发“神舟系统”上线，订单处理能力1200万单/天2017.10云集VIP注册用户突破1500万2017.11云集“双11”总成交额破10亿元2019.5云集正式在美国纳斯达克挂牌上市云集创始人兼CEO肖尚略在招股说明书中阐明：“云集以会员为基础，通过一套集体价值主张将会员们聚集在一起，云集非常关注用户的信任，因为用户的信任是平台成长和成功的关键，云集通过赋能会员，让他们在社交网络中分享自己的购物体验、推广产品，让平台获得更多忠实用户的同时扩大影响力。”,2019-12-10 22:24:10.019,radish
246,1,1,0,0,TEST,会员模式不仅连接起用户的购买能力，更连接起用户对企业的信任，对品牌的信任，这有利于企业获得长久发展。,2019-12-10 22:24:10.019,radish
247,1,1,0,0,TEST,会员制模式直接为企业带来会员费收入，帮助企业扩张用户，更有利于形成用户黏性。,2019-12-10 22:24:10.019,radish
248,1,1,0,0,TEST,人的主动性与能量是十分强大的，所以价值的延伸便有无限可能，这也是会员模式的魅力与潜力所在。,2019-12-10 22:24:10.019,radish
249,1,1,0,0,TEST,云集对用户进行赋能，提高用户黏性，传统社交电商模式只是利用消费者的社交关系来促成交易达成，提高了交易的单数，云集的会员电商则是对自己的客户进行赋能：如果注册成为会员，不仅自己自购可以优惠，同样分享也可以赚得收益。,2019-12-10 22:24:10.019,radish
250,1,1,0,0,TEST,对客户的定义不再局限于简单的卖家与买家关系，上升为合作伙伴与事业联盟的高度，大大提升了用户的黏性。,2019-12-10 22:24:10.019,radish
251,1,1,0,0,TEST,推动90个店主注册，将成为销售经理，获得所有店主的销售提成，并获得每月500的底薪；,2019-12-10 22:24:10.019,radish
252,1,1,0,0,TEST,当推动900个店主注册时，将成为服务经理，可以获得所有店主以及销售经理的提成以及每月3000元的底薪。,2019-12-10 22:24:10.019,radish
253,1,1,0,0,TEST,因此必须对人群进行细分，实现精准触达和精准营销，进而实现裂变和转化的闭环，提高单客经济也是社交电商目前的发展趋势之一，提高单客经济就是促使单个用户提高购买频次、购买种类，通过用户提高社会影响力；,2019-12-10 22:24:10.019,radish
254,1,1,0,0,TEST,马云、马化腾......等等财富人物是站在了时代的前列，所以他们成了时代的弄潮儿！,2019-12-10 22:24:10.019,radish
255,1,1,0,0,TEST,如果把高科技与数字经济划等号，那就是概念炒作而已。,2019-12-10 22:24:10.019,radish
256,1,1,0,0,TEST,随着我国经济进入到转型升级新阶段，数字经济已经成为城市竞争、区域竞争的重要发力点。,2019-12-10 22:24:10.019,radish
257,1,1,0,0,TEST,在产业和劳动力“双转移”的战略下，企业纷纷加大了研发投入，可以说是调整最早、力度最大，因此广东这几年创新驱动的成效逐渐显现。,2019-12-10 22:24:10.019,radish
258,1,1,0,0,TEST,尤其是“6+1”支柱行业汽车、电子、装备、化医、消费品、材料和能源的快速增长，使得重庆在中西部各省份中率先完成了工业化进程，这也成为数字经济发展的坚实基础。,2019-12-10 22:24:10.019,radish
259,1,1,0,0,TEST,在银行股频现破净现象的背景下，实际上意味着A股银行股基本上没有得到合理的定价，长期偏低的市场定价以及估值定价，终究还是便宜了敢于捡便宜的外资机构。,2019-12-10 22:24:10.019,radish
260,1,1,0,0,TEST,在实际情况下，虽然符合条件的上市银行股并不多，但以招行、宁波银行为代表的核心银行股，则会对整个银行板块产生较为明显的撬动影响，利于市场资金的加速布局，对银行板块构成间接利多。,2019-12-10 22:24:10.019,radish
261,1,1,0,0,TEST,但是，在实际情况下，前者更注重银行股尤其是核心银行股平稳的股息分红，后者则更关注银行股的稳定性，借助市值配售锁定筹码，为其长期打新作出了铺垫。,2019-12-10 22:24:10.019,radish
262,1,1,0,0,TEST,如果我们因为中国经济韧性好、潜力足、回旋余地大，就不去精心呵护，尤其在经济政策制定和执行方面过粗、过激，那中国的经济韧性、潜力和回旋余地都会被消耗，极致状况就是“失速”。,2019-12-10 22:24:10.019,radish
263,1,1,0,0,TEST,近年来，中国这方面的表现可圈可点，因为中国有一个强大的政府，可以通过推进改革不断完善经济体制和机制，不断调适社会矛盾，不断释放制度红利，而且中国老百姓具有吃苦耐劳的优秀品质。,2019-12-10 22:24:10.019,radish
264,1,1,0,0,TEST,说中国经济“潜力足”，那是因为中国经济转型升级的需求、冲动和动力都非常强大，而且中国有近14人口，人均GDP还很低，人们对美好生活的不断追求为中国提供了巨大消费潜能，同时也蕴藏着巨大创新潜力。,2019-12-10 22:24:10.019,radish
265,1,1,0,0,TEST,尽管如此，倍加呵护优势，强化优势，并利用优势为经济健康增长提供强大动力才是中国经济管理者最该认真对待的问题，而不是因为有了这样的优势我们面对问题就“这也不怕、那也不怕”。,2019-12-10 22:24:10.019,radish
266,1,1,0,0,TEST,绝不能因为“战略藐视”，所以“战术忽视”，更不能把“无能或不作为”解释为“保持定力”。,2019-12-10 22:24:10.019,radish
267,1,1,0,0,TEST,对国家经济也一样，如果没有目标高远的坚定奋发和大有作为，那势必会被“近忧”缠绕而困顿，那又如何“保持定力”？,2019-12-10 22:24:10.019,radish
268,1,1,0,0,TEST,面对当前的经济困难，中国宏观经济政策必须尽快加大“逆周期”调节。,2019-12-10 22:24:10.019,radish
269,1,1,0,0,TEST,所以，现在“货币政策短板”倍显突出，应该尽快转变，以确保中国“经济弹性”得以强化，至少不被弱化。,2019-12-10 22:24:10.019,radish
270,1,1,0,0,TEST,此轮总计高达5400亿美元的短期国债购买计划也引起了分析师们的担忧。,2019-12-10 22:24:10.019,radish
271,1,1,0,0,TEST,此次扩表更多是为了确保流动性能够满足市场需求。,2019-12-10 22:24:10.019,radish
272,1,1,0,0,TEST,这次美联储启动购债对市场影响更小，因为其目的仅仅是恢复正常的美元流动性而已，不存在丝毫的扩张美元货币的企图。,2019-12-10 22:24:10.019,radish
273,1,1,0,0,TEST,投资增速的回落，是拖累经济增速的主要原因之一，而目前来看，替代投资成为拉动国内经济增长的是消费。,2019-12-10 22:24:10.019,radish
274,1,1,0,0,TEST,因为在经济市场中，投资是一头连着需求、一头连着供给，有需求便有供给，而有供给就需要投资。,2019-12-10 22:24:10.019,radish
275,1,1,0,0,TEST,高技术产业投资的高速增长，不仅有利于促进国内制造业产业升级，而且有利于为国内经济的持续发展增添后劲。,2019-12-10 22:24:10.019,radish
276,1,1,0,0,TEST,从投资环境来讲，我国央行通过稳健的货币政策，不断降低实体经济企业的融资成本，财政政策通过减税降费来为实体经济企业减轻负担，两者不仅有效的减轻了实体经济企业的成本压力，并且有助于增加企业的投资信心。,2019-12-10 22:24:10.019,radish
277,1,1,0,0,TEST,随着一些政策的不断落实，相信国内投资增速能够保持平稳增长。,2019-12-10 22:24:10.019,radish
278,1,1,0,0,TEST,上届证监会主席刘士余于2016～2017年2年间扩容了774只新股，如今几倍于新股的大小非都到了解禁减持期无疑给市场带来的巨大压力。,2019-12-10 22:24:10.019,radish
279,1,1,0,0,TEST,本次的重大利好值得我们重点关注，就是创业板中的那些绩差上市公司一旦注入的优质资产，就会出现丑小鸭变成白天鹅、这种实质性重组在历史上出现过多只的大牛股案例，所以要务出引起我们的重视。,2019-12-10 22:24:10.019,radish
280,1,1,0,0,TEST,结构分化仍然是未来最有可能的市场特征，三季报是对我们看好的公司一次重要的考核，但是三季报显然不是结束，后面还会持续经历不同阶段的业绩考验，大消费从2016年开始，经历了近4年的业绩考验才最终诞生了贵州茅台、五粮液和长春高新、恒瑞医药等这样的大牛股，而很多的大消费也都在不同阶段被淘汰了、所以今后的科技股也好、大消费也罢都须要投资者去努力挖掘、才能找到真正属于我们自己的牛股。,2019-12-10 22:24:10.019,radish
281,1,1,0,0,TEST,因此，A股自身的规模与吸引力，也会引发更多外资的关注，今后流入A股市场的资金不断增长将是意料之中的事情。,2019-12-10 22:24:10.019,radish
282,1,1,0,0,TEST,因此，A股自身的规模与吸引力，也会引发更多外资的关注，今后流入A股市场的资金不断增长将是意料之中的事情。,2019-12-10 22:24:10.019,radish
283,1,1,0,0,TEST,此外，金融业不断的对外开放，同样会吸引更多的外资关注A股。,2019-12-10 22:24:10.019,radish
284,1,1,0,0,TEST,从券商行业讲，随着“双取消”的实施，外资将享受国民待遇，这个行业内外资的竞争将更加充分，也更加有利于吸引外资的进入。,2019-12-10 22:24:10.019,radish
285,1,1,0,0,TEST,因此，中国金融大开放显然不是虚言。,2019-12-10 22:24:10.019,radish
286,1,1,0,0,TEST,首先，它有利于更多的外资机构进入中国资本市场，同时也有利于外资机构以更大的权重进入中国资本市场。,2019-12-10 22:24:10.019,radish
287,1,1,0,0,TEST,其次，随着更多外资机构进入中国资本市场，这也有利于增加机构之间的良性竞争。,2019-12-10 22:24:10.019,radish
288,1,1,0,0,TEST,因为国内的基金公司基本上是靠收管理费来生存的，所以更重视的是管理费的收取，而外资机构要赢得投资者的信任，就只能凭借自己的理财水平。,2019-12-10 22:24:10.019,radish
289,1,1,0,0,TEST,更多外资机构的进入，可以增强A股市场价值投资、理性投资的力量，并通过价值投资、理性投资的示范作用，逐步引导国内的投资者进行价值投资、理性投资。,2019-12-10 22:24:10.019,radish
290,1,1,0,0,TEST,由此可见，对于此次《重组办法》的发布，还是做了不少的准备功课，在相关配套措施上还是下了功夫。,2019-12-10 22:24:10.019,radish
291,1,1,0,0,TEST,至于创业板市场，则往往受到游资资金的影响，而对游资资金来说，在炒作某一板块题材之前，还是需要一些政策因素的支持，并借助政策、资金等多方面因素合力推动上市公司股票价格的上涨。,2019-12-10 22:24:10.019,radish
292,1,1,0,0,TEST,由此一来，在创业板借壳松绑的影响下，对小市值的创业板企业，可能会构成短期推动的影响，但后期的价格表现，仍然需要回归至上市公司的基本面与盈利增速能力身上。,2019-12-10 22:24:10.019,radish
293,1,1,0,0,TEST,如果保守党能够重新夺回议院多数席位的话，英国在明年软脱欧的可能性最高。,2019-12-10 22:24:10.019,radish
294,1,1,0,0,TEST,如果保守党能够重新夺回议院多数席位的话，英国在明年软脱欧的可能性最高。,2019-12-10 22:24:10.019,radish
295,1,1,0,0,TEST,如果保守党能够重新夺回议院多数席位的话，英国在明年软脱欧的可能性最高。,2019-12-10 22:24:10.019,radish
296,1,1,0,0,TEST,也许一两个季度的成绩尚不足以给出结论，但是在全世界利率越走越低的时候，银行的盈利表现的确给监管机构能多的信心，减息未必冲击银行利率，甚至触发系统性金融风险。,2019-12-10 22:24:10.019,radish
297,1,1,0,0,TEST,需求忧虑带动石油价格缓步下调；,2019-12-10 22:24:10.019,radish
298,1,1,0,0,TEST,花呗、京东白条等带动的一批互联网特别是移动互联网信用消费信贷稳妥快速发展，成为中国消费信贷的主力，促进中国消费信贷规模迅速扩大，对启动消费、扩大内需起到促进作用，金融对消费的支持走出了一片新天地。,2019-12-10 22:24:10.019,radish
299,1,1,0,0,TEST,主要原因是自从互联网金融、金融科技诞生后，中国消费信贷才真正有了一个井喷式发展。,2019-12-10 22:24:10.019,radish
300,1,1,0,0,TEST,只要合理调整家庭负债结构，较大幅度压缩住房家庭负债过高的现状，那么，中国家庭居民消费信贷潜力巨大，将会再次被释放出来。,2019-12-10 22:24:10.019,radish
301,1,1,0,0,TEST,目前的房地产调控政策正在扭转家庭负债失衡的局面，消费贷必将迎来一个爆发式增长的新机遇。,2019-12-10 22:24:10.019,radish
302,1,1,0,0,TEST,美国的超前消费模式是建立在诚信基础上的一种消费模式，只要公民拥有正当、稳定的收入来源即可向金融机构申请各种消费信贷，公民只要按期偿贷，金融机构就会将源源不断地以个人信贷的形式向其提供资金以供其消费。,2019-12-10 22:24:10.019,radish
303,1,1,0,0,TEST,只要合理调整家庭负债结构，较大幅度压缩住房家庭负债过高的现状，那么，中国家庭居民消费信贷潜力巨大，将会再次被释放出来。,2019-12-10 22:24:10.019,radish
304,1,1,0,0,TEST,目前的房地产调控政策正在扭转家庭负债失衡的局面，消费贷必将迎来一个爆发式增长的新机遇。,2019-12-10 22:24:10.019,radish
305,1,1,0,0,TEST,如今，随着科创板上市公司加速呈现出价值回归的过程，科创板上市公司的分化局面也会愈发明显，而部分有核心价值的科创板企业，也有望逐渐得到大资金的挖掘。,2019-12-10 22:24:10.019,radish
306,1,1,0,0,TEST,如果我们把GDP分为内需和外需两部分，就今年前三个季度的情况而言，中国净出口（顺差）20462亿元，同比扩大44.2%，这说明，外需对GDP的影响是正面的；,2019-12-10 22:24:10.019,radish
307,1,1,0,0,TEST,所以，拖累GDP增速回落的关键因素就是内需不足。,2019-12-10 22:24:10.019,radish
308,1,1,0,0,TEST,说实话，当笔者看到三大产业、尤其是第一第二产业投资增长过缓之时，第三产业增加值和消费增长对GDP的贡献率越高，让我对中国经济失衡的担忧越重。,2019-12-10 22:24:10.019,radish
309,1,1,0,0,TEST,这是财政在拉动内需方向前所未有的力度，但我们必须意识到，只需企业融资成本轻微的上升，财政降税的努力就会被严重消耗。,2019-12-10 22:24:10.019,radish
310,1,1,0,0,TEST,所以，降低中国金融成本已经刻不容缓。,2019-12-10 22:24:10.019,radish
311,1,1,0,0,TEST,另一个最重要的阶段是，2008年一场金融危机让国人甚至全球开始重新审视美国的超前消费。,2019-12-10 22:24:10.019,radish
312,1,1,0,0,TEST,美国的超前消费模式是建立在诚信基础上的一种消费模式，只要公民拥有正当、稳定的收入来源即可向金融机构申请各种消费信贷，公民只要按期偿贷，金融机构就会将源源不断地以个人信贷的形式向其提供资金以供其消费。,2019-12-10 22:24:10.019,radish
313,1,1,0,0,TEST,另一个最重要的阶段是，2008年一场金融危机让国人甚至全球开始重新审视美国的超前消费。,2019-12-10 22:24:10.019,radish
314,1,1,0,0,TEST,必须防止超前消费带动人们提前、盲目的非理性消费形成趋势，助长了人们奢侈、浪费与贪图享乐的不良倾向，导致消费成为贪、腐的温床。,2019-12-10 22:24:10.019,radish
315,1,1,0,0,TEST,“我们明年（2018年）才会正式发布产品，因为工厂试装以后还需要半年的测试周期。”,2019-12-10 22:24:10.019,radish
316,1,1,0,0,TEST,据某第三方机构统计，当时分时租赁单车日亏损约为50-120元，众多企业没能建立稳定的盈利模式，只能依靠政府补贴艰难度日，这已经不是好生意该有的模样。,2019-12-10 22:24:10.019,radish
317,1,1,0,0,TEST,不过这就意味着继续苦等，而等待永远是被动的，李想已经受够了。,2019-12-10 22:24:10.019,radish
318,1,1,0,0,TEST,当探路石的感觉实在不好受，因此SUV项目不需要那么快，也不要背负太多的使命和责任，只要击穿一个痛点，一个用户的核心痛点，就足够了。,2019-12-10 22:24:10.019,radish
319,1,1,0,0,TEST,由于燃油仍为其主要动力来源，普遍认为增程式电动车是向纯电动汽车时代过渡产品。,2019-12-10 22:24:10.019,radish
320,1,1,0,0,TEST,而罗辑思维拟上市的消息之所以在市场上掀起波澜，究其原因在于罗辑思维选择的上市目的是科创板，这是目前在市场上关注度极高的一个市场。,2019-12-10 22:24:10.019,radish
321,1,1,0,0,TEST,在2012年以前，合资券商外资持股占比不得超过33%，此后又允许其提升至49%，2018年进一步松，允许外资持股达到51%，从而能够实现绝对控股。,2019-12-10 22:24:10.019,radish
322,1,1,0,0,TEST,实际上，15年前，国内券商行业曾经因在生存竞争压力下不惜铤而走险付出过沉重的代价。,2019-12-10 22:24:10.019,radish
323,1,1,0,0,TEST,而且，外资参与国内市场的深度与广度的提升，不仅有利于市场机制的完善和市场成熟度的提升，也将有利于吸引更多外资进入市场，促进券商、期货、基金行业的发展，有利于券商、期货、基金公司的做大做强。,2019-12-10 22:24:10.019,radish
324,1,1,0,0,TEST,客观上，也导致了多家合资券商中的外资纷纷撤资，这明显不利于资本市场的开放与招商引资。,2019-12-10 22:24:10.019,radish
325,1,1,0,0,TEST,而且，外资参与国内市场的深度与广度的提升，不仅有利于市场机制的完善和市场成熟度的提升，也将有利于吸引更多外资进入市场，促进券商、期货、基金行业的发展，有利于券商、期货、基金公司的做大做强。,2019-12-10 22:24:10.019,radish
326,1,1,0,0,TEST,客观上，也导致了多家合资券商中的外资纷纷撤资，这明显不利于资本市场的开放与招商引资。,2019-12-10 22:24:10.019,radish
327,1,1,0,0,TEST,在2012年以前，合资券商外资持股占比不得超过33%，此后又允许其提升至49%，2018年进一步松，允许外资持股达到51%，从而能够实现绝对控股。,2019-12-10 22:24:10.019,radish
328,1,1,0,0,TEST,目前在A股挂牌的券商已超过30家，相对于只有一家期货公司挂牌，挂牌取消外资持股比例限制，将有利于内外资的合理竞争，共同提升。,2019-12-10 22:24:10.019,radish
329,1,1,0,0,TEST,而随着更多外资券商、期货公司进入中国资本市场，在竞争压力内，将倒逼国内券商、期货行业的兼并重组。,2019-12-10 22:24:10.019,radish
330,1,1,0,0,TEST,实际上，15年前，国内券商行业曾经因在生存竞争压力下不惜铤而走险付出过沉重的代价。,2019-12-10 22:24:10.019,radish
331,1,1,0,0,TEST,而且，外资参与国内市场的深度与广度的提升，不仅有利于市场机制的完善和市场成熟度的提升，也将有利于吸引更多外资进入市场，促进券商、期货、基金行业的发展，有利于券商、期货、基金公司的做大做强。,2019-12-10 22:24:10.019,radish
332,1,1,0,0,TEST,个人以为，取消外资持股比例限制，能使国内券商公司、期货公司开阔视野。,2019-12-10 22:24:10.019,radish
333,1,1,0,0,TEST,取消外资持股比例限制，将有利于内外资的合理竞争，共同提升。,2019-12-10 22:24:10.019,radish
334,1,1,0,0,TEST,外资券商在公司治理、内控机而且，取消外资持股比例限制，也有助于资本市场的国际化进程，提升资本市场的影响力，同样有助于国内券商、期货公司的“走出去”。,2019-12-10 22:24:10.019,radish
335,1,1,0,0,TEST,因此，取消外资持股限制，将产生多方面的积极效果。,2019-12-10 22:24:10.019,radish
336,1,1,0,0,TEST,来源：(http://blog.sina.com.cn/s/blog_4151be0f0102ymbd.html)-取消外资持股比例限制，有利于促进中介机构做大做强_曹中铭_新浪博客,2019-12-10 22:24:10.019,radish
337,1,1,0,0,TEST,由此可见，在市场指数仍未达到历史高点一半水平之际，股票市场总市值规模的大幅攀升，多离不开上市公司数量的快速扩容，与上市公司股票价格攀升所带来的市值贡献相比，上市公司数量的快速扩容却成为了12年来A股总市值快速攀升的重要推动因素。,2019-12-10 22:24:10.019,radish
338,1,1,0,0,TEST,而且，即使科创板已有50家公司挂牌，也并不意味着50家公司都具备入选成份股的资格，因此，科创板50成份指数，至少需要在科创板挂牌的公司数量超过50家之后才能推出。,2019-12-10 22:24:10.019,radish
339,1,1,0,0,TEST,因此，前期在市场追高氛围下买入科创板新股的投资者，要么出现较大的亏损，要么惨遭严重套牢。,2019-12-10 22:24:10.019,radish
340,1,1,0,0,TEST,而且，即使科创板已有50家公司挂牌，也并不意味着50家公司都具备入选成份股的资格，因此，科创板50成份指数，至少需要在科创板挂牌的公司数量超过50家之后才能推出。,2019-12-10 22:24:10.019,radish
341,1,1,0,0,TEST,挂牌公司数量少，市场资金集中度过高，则被解读为科创板个股估值虚高的一大原因。,2019-12-10 22:24:10.019,radish
342,1,1,0,0,TEST,因此，对于科创板新股加速扩容，还是要谨慎为之，切不可操之过急。,2019-12-10 22:24:10.019,radish
343,1,1,0,0,TEST,因此，前期在市场追高氛围下买入科创板新股的投资者，要么出现较大的亏损，要么惨遭严重套牢。,2019-12-10 22:24:10.019,radish
344,1,1,0,0,TEST,挂牌公司数量少，市场资金集中度过高，则被解读为科创板个股估值虚高的一大原因。,2019-12-10 22:24:10.019,radish
345,1,1,0,0,TEST,因此，前期在市场追高氛围下买入科创板新股的投资者，要么出现较大的亏损，要么惨遭严重套牢。,2019-12-10 22:24:10.019,radish
346,1,1,0,0,TEST,挂牌公司数量少，市场资金集中度过高，则被解读为科创板个股估值虚高的一大原因。,2019-12-10 22:24:10.019,radish
347,1,1,0,0,TEST,科创板新股遭爆炒，既有市场炒“新”情结的投资文化方面的原因，有科创板特殊定位方面的原因，也有市场对于科创板寄予厚望方面的原因。,2019-12-10 22:24:10.019,radish
348,1,1,0,0,TEST,因此，不论是保本基金的诞生还是保本基金的发展都烙下了A股行情的烙印。,2019-12-10 22:24:10.019,radish
349,1,1,0,0,TEST,一方面是A股市场的波动很大，尤其是经过一轮牛市之后，随后的熊市会给市场带来极大的投资风险，因此投资者有避险的需求。,2019-12-10 22:24:10.019,radish
350,1,1,0,0,TEST,另一方面是A股市场缺少避险工具，投资者不能做空赚钱，所以投资者只能借助于保本基金来回避投资的风险。,2019-12-10 22:24:10.019,radish
351,1,1,0,0,TEST,保本基金正式谢幕了，这对于投资者来说，其实是一个损失，因为投资者少了一个避险的产品。,2019-12-10 22:24:10.019,radish
352,1,1,0,0,TEST,今年以来，贵州茅台在净利润方面，基本上保持在20%以上的同比增幅水平，但因此前市场预期过于乐观，当三季报业绩正式发布之后，反而导致贵州茅台股票价格出现明显回落的走势。,2019-12-10 22:24:10.019,radish
353,1,1,0,0,TEST,由此可见，即使是市值逾万亿的重量级权重股，在其稳定基本面的前提下，持续稳定的业绩成长性将会影响到它的股票核心价值。,2019-12-10 22:24:10.019,radish
354,1,1,0,0,TEST,所以，作为一个国家，为了保证数字经济发展与繁荣，要加强数字经济的基础设施建设，鼓励技术创新，提高国民数字素质，更要建立起一套保证数字经济有效竞争的市场规则。,2019-12-10 22:24:10.019,radish
355,1,1,0,0,TEST,三是开发支持核心交易的算法程序及服务，以此来降低交易成本、降低进入障碍、使得平台越来越有价值，以此吸引更多的客户；,2019-12-10 22:24:10.019,radish
356,1,1,0,0,TEST,而经济平台的发展与繁荣取决于平台如何制定保证其内部运行的游戏规则，及如何协调其内部各当事人之间的利益关系，为当事人创造价值，同时也取决于这些经济平台内的游戏规则兼顾整个行业及社会利益，以此来增强一国的数字经济的竞争力。,2019-12-10 22:24:10.019,radish
357,1,1,0,0,TEST,如果这种行为是违法的，其他企业对违法行为起诉也是正常，不是王帅说一个伪命题就可否认的，这种法律上的起诉根本就不是什么炒作。,2019-12-10 22:24:10.019,radish
358,1,1,0,0,TEST,对于王帅的这些华丽的文学语言，这里不需要多加讨论，因为离市场法则太远，仅是就平台经济的实质而言，它是大数据时代一种资源配置新方式，再用市场经济概念来谈已经不适用了。,2019-12-10 22:24:10.019,radish
359,1,1,0,0,TEST,所以，电商平台对消费者及进入厂家设定规则是正常不过的事情。,2019-12-10 22:24:10.019,radish
360,1,1,0,0,TEST,所以，对于目前阿里巴巴这类巨型企业来说，承担社会责任是其最基本的义务。,2019-12-10 22:24:10.019,radish
361,1,1,0,0,TEST,当然，更为直接者，如果这种违法违规行为得不到纠正，让这种行为嚣张下去，这也将严重损害进入企业利益及消费者的利益。,2019-12-10 22:24:10.019,radish
362,1,1,0,0,TEST,因为，如果阿里巴巴这种行为继续嚣张下去，一定会让弱势的其他电商更为弱势，甚至于最后全部消失。,2019-12-10 22:24:10.019,radish
363,1,1,0,0,TEST,一旦这种情况发生，阿里巴巴就能够借助其绝对的市场独占优势，任意宰割进入平台的企业及消费者，中国数字经济的竞争力也将全面削弱。,2019-12-10 22:24:10.019,radish
364,1,1,0,0,TEST,所以，面对这种情况，政府要明察秋毫，就得对该事件严密关注，就得采取新的规则来保证电台平台的有效竞争。,2019-12-10 22:24:10.019,radish
365,1,1,0,0,TEST,贾跃亭为乐视系描绘了包括内容、电视、手机、汽车、体育、金融、云等在内的七大生态，也引发了市场资金对于乐视网的炒作。,2019-12-10 22:24:10.019,radish
366,1,1,0,0,TEST,贾跃亭为乐视系描绘了包括内容、电视、手机、汽车、体育、金融、云等在内的七大生态，也引发了市场资金对于乐视网的炒作。,2019-12-10 22:24:10.019,radish
367,1,1,0,0,TEST,但贾跃亭当初的几个PPT，却引爆了资本市场，乐视网股价因之受到资金的大肆炒作，也将其时疯狂入场买入乐视网股票的投资者牢牢地套在高位，解套或几无可能了。,2019-12-10 22:24:10.019,radish
368,1,1,0,0,TEST,事实上，乐视网能有今天的如此狼狈，其投资者遭遇亏损或惨遭套牢的命运，贾跃亭难辞其咎。,2019-12-10 22:24:10.019,radish
369,1,1,0,0,TEST,已经暂停上市的乐视网，在前三季度亏损超百亿，2019年度亏损已经定局，除非其第四季度能够盈利过百亿，但这对于举步维艰的乐视网而言，无异于天方夜谭。,2019-12-10 22:24:10.019,radish
370,1,1,0,0,TEST,因此，在暂停上市之后，乐视网或将迎来退市的命运。,2019-12-10 22:24:10.019,radish
371,1,1,0,0,TEST,在乐视网2019年巨亏已成定局的背景下，即使2020年乐视网能够实现盈利，但由于其净资产不可能转正，因此，乐视网最终退市或不可避免。,2019-12-10 22:24:10.019,radish
372,1,1,0,0,TEST,如果乐视网退市，基于目前退市公司重新上市的难度，今后乐视网重新回归A股市场或已不可能。,2019-12-10 22:24:10.019,radish
373,1,1,0,0,TEST,在乐视网2019年巨亏已成定局的背景下，即使2020年乐视网能够实现盈利，但由于其净资产不可能转正，因此，乐视网最终退市或不可避免。,2019-12-10 22:24:10.019,radish
374,1,1,0,0,TEST,如果乐视网退市，基于目前退市公司重新上市的难度，今后乐视网重新回归A股市场或已不可能。,2019-12-10 22:24:10.019,radish
375,1,1,0,0,TEST,上市公司艰难度日、暂停上市，高位套牢投资者，众多投资者亏损严重，所有这一切，显然都与贾跃亭脱不了干系。,2019-12-10 22:24:10.019,radish
376,1,1,0,0,TEST,因此，即使贾跃亭通过申请个人破产的方式能够撇清在美国的债务，但其对上市公司、A股投资者所应承担的责任，一点都没有变化。,2019-12-10 22:24:10.019,radish
377,1,1,0,0,TEST,上市公司艰难度日、暂停上市，高位套牢投资者，众多投资者亏损严重，所有这一切，显然都与贾跃亭脱不了干系。,2019-12-10 22:24:10.019,radish
378,1,1,0,0,TEST,因此，即使贾跃亭通过申请个人破产的方式能够撇清在美国的债务，但其对上市公司、A股投资者所应承担的责任，一点都没有变化。,2019-12-10 22:24:10.019,radish
379,1,1,0,0,TEST,因此，在暂停上市之后，乐视网或将迎来退市的命运。,2019-12-10 22:24:10.019,radish
380,1,1,0,0,TEST,在乐视网2019年巨亏已成定局的背景下，即使2020年乐视网能够实现盈利，但由于其净资产不可能转正，因此，乐视网最终退市或不可避免。,2019-12-10 22:24:10.019,radish
381,1,1,0,0,TEST,上市公司艰难度日、暂停上市，高位套牢投资者，众多投资者亏损严重，所有这一切，显然都与贾跃亭脱不了干系。,2019-12-10 22:24:10.019,radish
382,1,1,0,0,TEST,因此，即使贾跃亭通过申请个人破产的方式能够撇清在美国的债务，但其对上市公司、A股投资者所应承担的责任，一点都没有变化。,2019-12-10 22:24:10.019,radish
383,1,1,0,0,TEST,新股发行因此变成了限售股的生产机器，通过一家又一家公司的新股发行，从而给市场带来源源不断的限售股。,2019-12-10 22:24:10.019,radish
384,1,1,0,0,TEST,由于很多上市公司的限售股在解禁之后是要陆续地减持套现的，而且限售股减持套现的金额是IPO融资金额的数倍、十数倍甚至更多，如此一来，股市也就成了限售股股东的提款机。,2019-12-10 22:24:10.019,radish
385,1,1,0,0,TEST,所以，新股发行本身并没有太大的问题，新股发行问题的关键是要解决新股发行所带来的后遗症，即限售股问题。,2019-12-10 22:24:10.019,radish
386,1,1,0,0,TEST,因为IPO的提速也就意味着限售股的生产也在呈几何倍数的增加。,2019-12-10 22:24:10.019,radish
387,1,1,0,0,TEST,然而，在獐子岛三季报预告公告发布之后，随即引来了深交所的关注。,2019-12-10 22:24:10.019,radish
388,1,1,0,0,TEST,就在今年的半年报数据中，獐子岛的业绩变脸也是因虾夷扇贝资源减少而引发了问题。,2019-12-10 22:24:10.019,radish
389,1,1,0,0,TEST,作为一家频繁遭遇市场质疑的上市公司，因其所处的行业具有一定的特殊性，且容易受到自然灾害及人为因素的影响，因此很可能存在扇贝等品种难以抽查的问题。,2019-12-10 22:24:10.019,radish
390,1,1,0,0,TEST,至于投资者切身利益的保护，更应该推出更有针对性的投资者索赔措施以及投资者保护措施，或对存在问题的上市公司及相关中介机构，设立先行赔付专项基金，并简化索赔流程，让投资者的利益得到实质性的保障。,2019-12-10 22:24:10.019,radish
391,1,1,0,0,TEST,应当准确地说：导致物价上涨的因素很多，而货币只是物价上涨的因素之一，只是必要条件，而非“充分必要条件”。,2019-12-10 22:24:10.019,radish
392,1,1,0,0,TEST,因供给不足导致CPI上涨，不该使用紧缩货币的方法抑制，而只能通过增加供给的方法。,2019-12-10 22:24:10.019,radish
393,1,1,0,0,TEST,近日，温州法院通报的全国首例具备个人破产实质功能和相当程序的个人债务集中清理案件引发舆论关注。,2019-12-10 22:24:10.019,radish
394,1,1,0,0,TEST,如果实行个人破产这些人就有重头再来的机会和勇气；,2019-12-10 22:24:10.019,radish
395,1,1,0,0,TEST,所以我们国家的个人债务规模快速发展，今后个人债务将是一个对经济影响至关重要的因素了。,2019-12-10 22:24:10.019,radish
396,1,1,0,0,TEST,11月起明晟将再次将A股纳入因子提升并扩容，届时预计将吸引逾千亿元的配置资金买入A股核心优势标的。,2019-12-10 22:24:10.019,radish
397,1,1,0,0,TEST,但是，不可忽视的是，在股市持续扩容的影响下，如今的市场指数却存在着或多或少的失真表现，反映到上市公司股票价格身上，则是存在着明显分化的迹象，甚至形成了明显的马太效应，即强者愈强，弱者愈弱。,2019-12-10 22:24:10.019,radish
398,1,1,0,0,TEST,事实上，对于银行股的投资，只要选择在估值相对偏低的时间点进行投资，凭借着较为稳定的股息分红，银行股还是可以为投资者带来比较稳定的投资回报率，多年来投资者很难发生实质性的投资亏损。,2019-12-10 22:24:10.019,radish
399,1,1,0,0,TEST,因此，今后中资企业在进行境外并购时，要加强相互间联系与沟通，做好被并购企业价格评估及发展趋势预测，把维护中资企业利益最大化作为境外并购底线，坚决克服盲目竞价行为，消除为获得竞购成功而不惜牺牲竞争对手利益的以邻为壑倾向。,2019-12-10 22:24:10.019,radish
400,1,1,0,0,TEST,但安邦从事保险业，虽在酒店管理上有所斩获，但毕竟不是自己的主业，而且境外国家经济也存在很多不确定性，尽管美国目前经济处于复苏期，美元也有所升值，致使其收购的喜达屋酒店的地产价格会随之上涨；,2019-12-10 22:24:10.019,radish
401,1,1,0,0,TEST,但如果美国经济一旦陷入萧条期，这些被收购的资产就有可能面临价值缩水之危机，像安邦从事保险的企业就有可能出现资金连困难。,2019-12-10 22:24:10.019,radish
402,1,1,0,0,TEST,因而，在境外并购上没有常胜将军，中资企业应处理好资产合理配置问题，尤其根据自身经营管理能力来配置资产，防止出现失误而导致经营陷入困局现象发生。,2019-12-10 22:24:10.019,radish
403,1,1,0,0,TEST,并呼吁中央政府消除国内相关审批障碍，为境外并购争取最佳时机，使中资企业在合理价格上获取境外企业收购权。,2019-12-10 22:24:10.019,radish
404,1,1,0,0,TEST,考虑到QFII前5年额度较低状况，因此，其实际收益更加惊人。,2019-12-10 22:24:10.019,radish
405,1,1,0,0,TEST,虽然此前涉及的国家及机构投资者众多，但由于存在额度限制，且境外机构投资者进入A股投资，需要履行包括审批在内的多种手续，因此，相对而言，能够进入A股市场投资的境外机构投资者还是相对有限的。,2019-12-10 22:24:10.019,radish
406,1,1,0,0,TEST,17年前QFII愿意进入A股市场，并且此后涉及到众多国家及数百家机构投资者，另一方面，QFII与RQFII进入A股市场，以及沪深港通开闸，再加上A股成功纳入国际主流指数，在见证着A股市场进步的同时，事实上也非常有利于推进A股的国际化进程。,2019-12-10 22:24:10.019,radish
407,1,1,0,0,TEST,借助于资本市场的对外开放，以及更多外资进入A股市场，其实是非常有利于A股的国际化进程的。,2019-12-10 22:24:10.019,radish
408,1,1,0,0,TEST,虽然此前涉及的国家及机构投资者众多，但由于存在额度限制，且境外机构投资者进入A股投资，需要履行包括审批在内的多种手续，因此，相对而言，能够进入A股市场投资的境外机构投资者还是相对有限的。,2019-12-10 22:24:10.019,radish
409,1,1,0,0,TEST,虽然此前涉及的国家及机构投资者众多，但由于存在额度限制，且境外机构投资者进入A股投资，需要履行包括审批在内的多种手续，因此，相对而言，能够进入A股市场投资的境外机构投资者还是相对有限的。,2019-12-10 22:24:10.019,radish
410,1,1,0,0,TEST,因为一些小型中国公司ipo，融资规模并不大，IPO募资大部分来自中国投资者，甚至是高管的熟人，而不是美国投资者。,2019-12-10 22:24:10.019,radish
411,1,1,0,0,TEST,另一方面，这些小型企业舍近就远，也是因为这些企业认为自身条件与国内上市条件之间还存在差距。,2019-12-10 22:24:10.019,radish
412,1,1,0,0,TEST,而这个问题的存在，导致发行制度并非真正意义上的融资制度，而是沦为了一种造富制度，让股市成为某些利益中人的提款机。,2019-12-10 22:24:10.019,radish
413,1,1,0,0,TEST,一家新公司上市，融资金额其实不大，但因此带来的限售股套现金额却是募资的数倍，十余倍甚至更多。,2019-12-10 22:24:10.019,radish
414,1,1,0,0,TEST,国内的像恒瑞医药就是典型，上市至今研发费用涨了90倍，实际在早期利润微博的年代，研发费用支出占比都不低于10%，这就是典型的长线思维，所以恒瑞作为一家民企，却成为国内医药企业的龙头，要知道医药企业是很吃资金的；,2019-12-10 22:24:10.019,radish
415,1,1,0,0,TEST,价值观解决的是是非问题，能力解决的是选择问题，行动解决的如何做的问题，而环境则影响你如何去做，因为你的行为受到了人、事物、地点、金钱等因素的影响。,2019-12-10 22:24:10.019,radish
416,1,1,0,0,TEST,她说，科技股今年以来波动大，但有资金持续参与，涨得急，而跌得也快，要把握好买卖先机，不盲目追高，而一些之前持续放量拉升的品种，调整下来后也带来短期博反弹的机会。,2019-12-10 22:24:10.019,radish
417,1,1,0,0,TEST,2018年全球GDP总值约86万亿美元，世界证券市场的总市值为65万～80万亿美元，世界平均的证券化率约为1:1.1，高收入国家偏高，低收入国家很低，结论是经济发展水平越高，国民经济的证券化率就越高。,2019-12-10 22:24:10.019,radish
418,1,1,0,0,TEST,因此，证券化率提升的关键因素之一是投资性资产配置的重心从楼市转为股市。,2019-12-10 22:24:10.019,radish
419,1,1,0,0,TEST,证券化率是经济发展的重要标尺，城市化率评价经济增长，证券化率评价财富增长，股市总市值与国民生产总值保持动态平衡既是制度选择的目标，又是经济发展的成果，因为经济绩效是评价制度选择的第一标准。,2019-12-10 22:24:10.019,radish
420,1,1,0,0,TEST,取消外资股比限制，是促进金融领域扩大开放的重点措施，扩大金融开放，使得这些金融领域引入活水，有利于长期发展。,2019-12-10 22:24:10.019,radish
421,1,1,0,0,TEST,此举意味着我国证券业对外开放进入到一个全新的阶段，即外资可以全资设立证券公司、基金管理公司和期货公司，而不必受国内相关公司的牵制。,2019-12-10 22:24:10.019,radish
422,1,1,0,0,TEST,股指期货的推出让证券公司从业务上有持股期货公司的需求，这有利于经纪业务的融合与IB业务的开展。,2019-12-10 22:24:10.019,radish
423,1,1,0,0,TEST,此类公司也是市场追捧的热点之一，一是因为期货概念，另一方面，某些优质的期货公司确实可以带给上市公司较大收益。,2019-12-10 22:24:10.019,radish
424,1,1,0,0,TEST,始步入调整，且由于受到多方面因素的影响，上证指数曾跌破2800点的整数关口，目前的股指则在3000点下徘徊。,2019-12-10 22:24:10.019,radish
425,1,1,0,0,TEST,无论是营收还是净利润，都出现下滑，这样的业绩显然难以让其投资者满意。,2019-12-10 22:24:10.019,radish
426,1,1,0,0,TEST,因此，对于三季报行情，投资者最好保持一份谨慎的心态。,2019-12-10 22:24:10.019,radish
427,1,1,0,0,TEST,因此，对于三季报行情，投资者最好保持一份谨慎的心态。,2019-12-10 22:24:10.019,radish
428,1,1,0,0,TEST,基于市场整体上的低迷，投资者对于股市产生一波行情其实也是充满了期待的。,2019-12-10 22:24:10.019,radish
429,1,1,0,0,TEST,虽然不再奢求牛市，但对于股市的反弹行情，甚至是三季报行情，显然还是抱有希望的。,2019-12-10 22:24:10.019,radish
430,1,1,0,0,TEST,不过，从近些年的市场表现看，市场对于“业绩浪”的炒作早已失去了兴趣。,2019-12-10 22:24:10.019,radish
431,1,1,0,0,TEST,借助于科创板开市的东风，科技股无疑是今年表现最好的板块。,2019-12-10 22:24:10.019,radish
432,1,1,0,0,TEST,因此，对于三季报行情，投资者最好保持一份谨慎的心态。,2019-12-10 22:24:10.019,radish
433,1,1,0,0,TEST,正因为安纳达业绩不尽人意的缘故，10月10日安纳达股票也大幅低开，股价全天在低位盘整，全天下跌2.22%。,2019-12-10 22:24:10.019,radish
434,1,1,0,0,TEST,之所以是一种修正行情，究其原因在于上市公司的业绩相对透明。,2019-12-10 22:24:10.019,radish
435,1,1,0,0,TEST,三季报基本上与这类题材无关，因此三季报的行情难有持续性。,2019-12-10 22:24:10.019,radish
436,1,1,0,0,TEST,因为三季报有一种桥梁的作用，由于在时间上它与四季度重合，与年报行情紧紧相连，因此，三季报就在投资者与年报行情之间架起一道桥梁。,2019-12-10 22:24:10.019,radish
437,1,1,0,0,TEST,那些业绩平庸的公司，当然会被未来的年报行情所遗弃，而那些业绩优秀、有可能高派现或高送转的公司，在未来的年报行情中将会得到表现的机会。,2019-12-10 22:24:10.019,radish
438,1,1,0,0,TEST,所以，尽管三季报的行情会较为平淡，但三季报本身却很重要，未来的年报行情或就从三季报中走来。,2019-12-10 22:24:10.019,radish
439,1,1,0,0,TEST,但是，在国内，不同地区的房价表现分歧较大，有的地区房地产市场无人问津，而有的则是购房热情不减，一旦取消限购等措施，恐怕就会引发一轮抢购潮。,2019-12-10 22:24:10.019,radish
440,1,1,0,0,TEST,此外，信用卡购房可能会牵涉到投资者的个人信用问题，若不能够及时还款，或存在违规现象，那么可能会造成诸多不良的后果。,2019-12-10 22:24:10.019,radish
441,1,1,0,0,TEST,对于透支信用卡购房等行为，多年来基本上都处于政策监管的灰色地带，但对部分中介机构而言，却可以借助多种变相途径实现信用卡购房的目的。,2019-12-10 22:24:10.019,radish
442,1,1,0,0,TEST,但是，随着近年来越来越多上市公司直接或间接投资房地产市场，且房产投资占据企业收入的比例越来越高，由此也导致了上市公司对房地产市场的依赖度趋于提升，间接增强了房地产市场与股票市场表现的联动性。,2019-12-10 22:24:10.019,radish
443,1,1,0,0,TEST,究其原因，此前已有相关政策严控信用卡透支资金用于购房炒股等，而在政策监管趋严的背景下，以消费贷款、信用卡贷款为主导的资金，也会得到理性引导，降低变相流入重要投资渠道的风险。,2019-12-10 22:24:10.019,radish
444,1,1,0,0,TEST,最主要的原因就是发新股太少了，物以稀为贵，少了，必然是贵的。,2019-12-10 22:24:10.019,radish
445,1,1,0,0,TEST,上市公司原本是计划募资5亿元的，因为发新股少，机构抢，最后高价发行，超额募资8亿..........发行价本身就偏高了，一上市各路资金抢，要么是导致开盘价太高，要么就是打开涨停板之后股价太高，导致接下来股价绵绵下跌.........这样，套牢了无数的人，吃了亏的股民，对A股发新股自然没有好感，而叫它圈钱！,2019-12-10 22:24:10.019,radish
446,1,1,0,0,TEST,所以，股民反对大量发新股，最后吃亏的还是自己。,2019-12-10 22:24:10.019,radish
447,1,1,0,0,TEST,香港等股市，有不少题材独特的新股，发行价才2元上下，开盘2元多，因为低价，很快就让炒到了8元以上，成为股市的“传奇”！,2019-12-10 22:24:10.019,radish
448,1,1,0,0,TEST,如果是管理层有意加大发行力度，以后每周基本是放行9家上下新股，那么，对A股而言，这是长期的利好.........因为自从1990年有A股以后，那一个时期大量发新股，导致了新股低价发行、低价上市，这样的股票积累多了，自然会涨，牛市就慢慢来临了！,2019-12-10 22:24:10.019,radish
449,1,1,0,0,TEST,这样一来的话，贾跃亭就完全失去了FF（FaradayFuture）股权，因为债权人将提前拿到贾跃亭全部资产及其收益权。,2019-12-10 22:24:10.019,radish
450,1,1,0,0,TEST,我们大家都知道，贾跃亭一旦申请破产重组成功之后，所有国内债权人依然保留对贾跃亭及其他债务人国内被冻结资产的处置权。,2019-12-10 22:24:10.019,radish
451,1,1,0,0,TEST,现在看来，贾跃亭主动申请破产重组的用意已经非常明显，主要还是为了延长还债时间，从而获得一定程度上的个人空间。,2019-12-10 22:24:10.019,radish
452,1,1,0,0,TEST,申请破产重组对于贾跃亭的意义如果我们要说申请破产重组对于贾跃亭的意义，无非就是体现在以下四个方面：其一，贾跃亭不再持有FF（FaradayFuture）股权，意味着他的造车梦想即使实现之后，他个人也就自然从中获得不到股权的收益；,2019-12-10 22:24:10.019,radish
453,1,1,0,0,TEST,其二，贾跃亭这次等于是拿自己所持有的FF（FaradayFuture）股权进行博弈，因为他已经逐渐意识到了自己的处境将会因为债权人的步步急逼而陷入一种僵局；,2019-12-10 22:24:10.019,radish
454,1,1,0,0,TEST,其三，失去FF（FaradayFuture）股权对于贾跃亭来说或许是一个执念的消逝，也就是说他今后或许不再执着于造车量产，从而为自己寻找下一步的出路；,2019-12-10 22:24:10.019,radish
455,1,1,0,0,TEST,其四，贾跃亭主动申请破产重组的行为对于一些不明白真相的吃瓜群众来说，造成了一定程度上的认知盲区，果断认为贾跃亭这是要彻底“耍赖”；,2019-12-10 22:24:10.019,radish
456,1,1,0,0,TEST,由此可见，贾跃亭现如今在美国的日子也并不好过，简单地说就是他即使为了躲债去了美国，可是我们国内的债主依然会手持法律的大棒去敲打他。,2019-12-10 22:24:10.019,radish
457,1,1,0,0,TEST,淘宝是基于不断丰富和留存供给端，再通过供给端的丰富度去吸引和服务需求（流量），特别是最有价值的消费者群体，所以商家的差异化就是它最主要的目的，商家有了差异化才有利润，平台才能从利润里赚钱。,2019-12-10 22:24:10.019,radish
458,1,1,0,0,TEST,不要老是看竞争对手的公关黑文，如果你不在乎品牌，快消、消费电子、低价服装之类的产品就该上拼多多买。,2019-12-10 22:24:10.019,radish
459,1,1,0,0,TEST,所以，我现在买数据线、充电器啥的都用拼多多。,2019-12-10 22:24:10.019,radish
460,1,1,0,0,TEST,消费者对每个电商平台都有自己的“品牌定位”，一旦形成就很难改变。,2019-12-10 22:24:10.019,radish
461,1,1,0,0,TEST,如果，把全体中国人每天刷淘宝的总时间，看作是100的话，拼多多目前已经超过了50，京东就只有15，而唯品会大概是3，苏宁大致上在1左右。,2019-12-10 22:24:10.019,radish
462,1,1,0,0,TEST,因为在很多时候是违反人性的，从小时候生下来就会去抢东西吃啊这样，因为每个人都是这样的，所以如果你能够做到本分的话，那一定程度上你会赢得更多的朋友，然后周围会聚集更多的人，别人会觉得跟你一起合作是一件很开心的事情。,2019-12-10 22:24:10.019,radish
463,1,1,0,0,TEST,第二：我加入谷歌时候，谷歌还没上市，所以你也看到有很多人在一夜之间就暴富了，那这个经历其实近距离的接触和经过观察周围的这些人，对我是有很大影响的，因为你会一下子意识到钱的作用是有两面性的，不光能够让你财富自由，精神自由，然后好像都是正向的，它也有很多负面的，对于很多人来说可能一下失去了生活的目标和意义，另外一部分人可能是因为有了钱，可能让他甚至有10年期间处于迷茫期，在他最好的生命的时间里面，他可能就很荒废。,2019-12-10 22:24:10.019,radish
464,1,1,0,0,TEST,如果他的钱更少一点的话，可能他的人生的总体财富包括幸福指数可能会更高。,2019-12-10 22:24:10.019,radish
465,1,1,0,0,TEST,这个经历一定程度上，我觉得让我在做商业的时候可能会更加容易平常心一些，因为商业本身很大程度是用财富来衡量的，但是在很早的时候，相对因为谷歌的原因，让我意识到这个衡量标准是几个纬度之一，而且它很有可能，你过度的去强调它的话，对于自己人生，甚至对商业本身都是有伤害的。,2019-12-10 22:24:10.019,radish
466,1,1,0,0,TEST,黄峥：创业的孤独，其实是很多创业者都有的，因为你在做决策的时候，因为你的位置跟别人不一样，很多时候别人并不能够百分百理解你为什么这么做，或者说也不能和你能够进行真正的在同一位置上完全的讨论。,2019-12-10 22:24:10.019,radish
467,1,1,0,0,TEST,第二是你回到一个创业的初心和你想要什么，如果创业这个事情，让你有很多的朋友更多的爱的话，那你一定程度上会觉得温暖。,2019-12-10 22:24:10.019,radish
468,1,1,0,0,TEST,面对销量持续下跌的惨状，苹果一边下调产品的定价，一边用各种降价促销手段收割用户。,2019-12-10 22:24:10.019,radish
469,1,1,0,0,TEST,按照行业规律，随着5G基带的量产，价格也会不断下降。,2019-12-10 22:24:10.019,radish
470,1,1,0,0,TEST,想当年苹果推出支持3G和4G网络的iPhone时，并没有因为支持更新的网络制式而涨价。,2019-12-10 22:24:10.019,radish
471,1,1,0,0,TEST,所以，苹果以制造工艺升级为由涨价，这个理由是非常牵强的。,2019-12-10 22:24:10.019,radish
472,1,1,0,0,TEST,如果按照苹果的涨价逻辑，iPhone4用的是A4处理器，iPhone11用的是A13处理器，处理器升级一次都要涨价，那消费者最后真的用不起手机了。,2019-12-10 22:24:10.019,radish
473,1,1,0,0,TEST,故而，对于今天的消费品企业来说，不要花太多时间探讨“00后”。,2019-12-10 22:24:10.019,radish
474,1,1,0,0,TEST,所以“90后”不可能有统一标签，因为他们诞生在一个激烈快速变化的时代，他们的父母在快速地变化，他们的故乡在快速地变化。,2019-12-10 22:24:10.019,radish
475,1,1,0,0,TEST,他们的组成、经历，都过于复杂，故而我们要旗帜鲜明地提出：“90后”根本无法标签化，更不能简单归类。,2019-12-10 22:24:10.019,radish
476,1,1,0,0,TEST,这就意味着中国这么巨大的体量，约1.9亿的“90后”，很容易在平均中，失去了对局部的把握。,2019-12-10 22:24:10.019,radish
477,1,1,0,0,TEST,而每一个局部，比如10%的量都意味着是1900万的体量。,2019-12-10 22:24:10.019,radish
478,1,1,0,0,TEST,因为“90后”底层的根就不同，所以他们体现出了很大的差异。,2019-12-10 22:24:10.019,radish
479,1,1,0,0,TEST,在挂牌时间刚满两个月之后，乐鑫科技即发布了股权激励计划草案，既说明该上市公司对于企业人才的重视程度，也凸显出该企业为了留住人才，激励人才，为了提升业绩开始采取积极的措施。,2019-12-10 22:24:10.019,radish
480,1,1,0,0,TEST,比例的提升，一方面，科创板公司在实施股权激励计划时将有更大的发挥空间，也有助于科创板公司在更长的时间内开展股权激励。,2019-12-10 22:24:10.019,radish
481,1,1,0,0,TEST,由于在科创板挂牌的企业均为高新技术企业或战略性新兴产业企业，人才在其中扮演着非常重要的作用。,2019-12-10 22:24:10.019,radish
482,1,1,0,0,TEST,因此，科创板今后会有更多上市公司步乐鑫科技后尘将是意料之中的事情。,2019-12-10 22:24:10.019,radish
483,1,1,0,0,TEST,由于在科创板挂牌的企业均为高新技术企业或战略性新兴产业企业，人才在其中扮演着非常重要的作用。,2019-12-10 22:24:10.019,radish
484,1,1,0,0,TEST,因此，科创板今后会有更多上市公司步乐鑫科技后尘将是意料之中的事情。,2019-12-10 22:24:10.019,radish
485,1,1,0,0,TEST,在挂牌时间刚满两个月之后，乐鑫科技即发布了股权激励计划草案，既说明该上市公司对于企业人才的重视程度，也凸显出该企业为了留住人才，激励人才，为了提升业绩开始采取积极的措施。,2019-12-10 22:24:10.019,radish
486,1,1,0,0,TEST,比例的提升，一方面，科创板公司在实施股权激励计划时将有更大的发挥空间，也有助于科创板公司在更长的时间内开展股权激励。,2019-12-10 22:24:10.019,radish
487,1,1,0,0,TEST,如果业绩考核不达标，就无法获得相应的限制性股票。,2019-12-10 22:24:10.019,radish
488,1,1,0,0,TEST,如果业绩考核不达标，就无法获得相应的限制性股票。,2019-12-10 22:24:10.019,radish
489,1,1,0,0,TEST,如果业绩考核不达标，就无法获得相应的限制性股票。,2019-12-10 22:24:10.019,radish
490,1,1,0,0,TEST,如果业绩考核不达标，就无法获得相应的限制性股票。,2019-12-10 22:24:10.019,radish
491,1,1,0,0,TEST,在挂牌时间刚满两个月之后，乐鑫科技即发布了股权激励计划草案，既说明该上市公司对于企业人才的重视程度，也凸显出该企业为了留住人才，激励人才，为了提升业绩开始采取积极的措施。,2019-12-10 22:24:10.019,radish
492,1,1,0,0,TEST,多年来，A股市场的上市率与退市率却基本上处于严重失衡的发展状态，股市退市率远远赶不及上市率的比例，并由此引发资本市场优胜劣汰功能的骤然下降。,2019-12-10 22:24:10.019,radish
493,1,1,0,0,TEST,受此影响，股票市场的投资活力自然也会受到冲击影响，长期下来大量亏损企业、绩差企业却长期占据着资本市场的上市资源，并导致原本急需要上市的企业终究得不到上市的需求，股票市场的投资融资功能自然也就得不到充分发挥。,2019-12-10 22:24:10.019,radish
494,1,1,0,0,TEST,由此可见，从近年来的股市退市率水平分析，A股市场的退市率有逐渐增长的态势。,2019-12-10 22:24:10.019,radish
495,1,1,0,0,TEST,但是，随着市场交易规则的持续收紧，面值退市的真正落实，将会从很大程度上改变了整个市场的游戏规则。,2019-12-10 22:24:10.019,radish
496,1,1,0,0,TEST,换一种角度思考，假如投资者仍然沉迷于低价股的投资逻辑，那么未来很大可能会承受较高的投资风险，乃至承受股票退市的风险。,2019-12-10 22:24:10.019,radish
497,1,1,0,0,TEST,抓住行情的反弹机会，果断进行减仓，尤其是我们近期反复提示风险的超涨科技股和业绩问题股，手中如果持有必须要及时斩仓卖出。,2019-12-10 22:24:10.019,radish
498,1,1,0,0,TEST,创业板表现强劲，领涨两市，早盘高开后震荡走高，重新突破1650点一线，并且站上10日线，短线向上将面临20日线一线的压力，这里由于半年线和年线拉锯依然较大，后市还会围绕1650点进行整理，进行技术修复，等待半年线走平转升；,2019-12-10 22:24:10.019,radish
499,1,1,0,0,TEST,目前美国的马斯克等都在推动相关项目，常规来说地球就一样，哪个先到即先得，太空互联网常规可以理解为，一旦形成，对地面各通信体系，将有一定的影响有压制。,2019-12-10 22:24:10.019,radish
500,1,1,0,0,TEST,这是科技行业的规律，等不得，慢不得，因为没有输赢，只有生死。,2019-12-10 22:24:10.019,radish
501,1,1,0,0,TEST,10月7日晚，金贵银业发布公告称，因存在被控股股东非经营性占用资金，且未在规定时间内偿还所占用资金，公司股票触及其他风险警示情形。,2019-12-10 22:24:10.019,radish
502,1,1,0,0,TEST,高管的不作为，往往成为背后的帮凶，因此，强化对上市公司高管的监管是不可或缺的。,2019-12-10 22:24:10.019,radish
503,1,1,0,0,TEST,其三，占用上市公司的资金，将严重损害上市公司与全体股东的利益，因此，对于相关高管，建议以背信损害上市公司利益罪提起诉讼。,2019-12-10 22:24:10.019,radish
504,1,1,0,0,TEST,这也将意味着，金贵银业投资者因被实施风险警示，将进一步放大损失。,2019-12-10 22:24:10.019,radish
505,1,1,0,0,TEST,这也将意味着，金贵银业投资者因被实施风险警示，将进一步放大损失。,2019-12-10 22:24:10.019,radish
506,1,1,0,0,TEST,高管的不作为，往往成为背后的帮凶，因此，强化对上市公司高管的监管是不可或缺的。,2019-12-10 22:24:10.019,radish
507,1,1,0,0,TEST,其三，占用上市公司的资金，将严重损害上市公司与全体股东的利益，因此，对于相关高管，建议以背信损害上市公司利益罪提起诉讼。,2019-12-10 22:24:10.019,radish
508,1,1,0,0,TEST,高管的不作为，往往成为背后的帮凶，因此，强化对上市公司高管的监管是不可或缺的。,2019-12-10 22:24:10.019,radish
509,1,1,0,0,TEST,10月7日晚，金贵银业发布公告称，因存在被控股股东非经营性占用资金，且未在规定时间内偿还所占用资金，公司股票触及其他风险警示情形。,2019-12-10 22:24:10.019,radish
510,1,1,0,0,TEST,这也将意味着，金贵银业投资者因被实施风险警示，将进一步放大损失。,2019-12-10 22:24:10.019,radish
511,1,1,0,0,TEST,然而，因假疫苗风波牵涉到道德问题等因素，且牵涉人群多、社会影响大，由此一来，对于长生生物的假疫苗事件的最终处罚结果，无疑备受各方的关注。,2019-12-10 22:24:10.019,radish
512,1,1,0,0,TEST,但是，对于投资者而言，在保障自身资产安全性以及回避股市黑天鹅事件上，却带来了不少的烦恼。,2019-12-10 22:24:10.019,radish
513,1,1,0,0,TEST,对于这类上市公司而言，只要负面舆论问题持续存在，且上市公司始终未能够给出具有说服力的回复，那么对上市公司的中长期负面影响仍存。,2019-12-10 22:24:10.019,radish
514,1,1,0,0,TEST,与此同时，对于因触及重大违法行为而遭到强制退市的上市公司，相应中介机构仍需要做好设立赔偿基金的准备。,2019-12-10 22:24:10.019,radish
515,1,1,0,0,TEST,证监会对市场违规行为的处罚，有助于震慑违规者，也有利于投资者权益保护。,2019-12-10 22:24:10.019,radish
516,1,1,0,0,TEST,由于制度建设、市场监管等方面存在短板，投资者保护工作需要改进与完善的方面其实并不少。,2019-12-10 22:24:10.019,radish
517,1,1,0,0,TEST,由于制度建设、市场监管等方面存在短板，投资者保护工作需要改进与完善的方面其实并不少。,2019-12-10 22:24:10.019,radish
518,1,1,0,0,TEST,由于制度建设、市场监管等方面存在短板，投资者保护工作需要改进与完善的方面其实并不少。,2019-12-10 22:24:10.019,radish
519,1,1,0,0,TEST,节后开门红行情，往往会对后续的市场走势起到一定的提示作用。,2019-12-10 22:24:10.019,radish
